"assmt_code","site_code","property","date","raca_adult","raca_juvenile","radr_adult","radr_juvenile","raxx_adult_or_juvenile","bubo_adult","bubo_juvenile","psre_adult","psre_juvenile","taxx_adult","taxx_juvenile","site_notes","egg_masses","personel","personel_count","ves_count","ves_start","ves_end","ves_time_mins","ves_person_mins","wet_m","pond_peri_steps","pond_peri_personel","pond_area","canopy","open_water","depth","trophic_state","veg_shoreline","trees_within_25m","cattle","secchi_1","secchi_2","secchi_3","temp","ph","conductivity","total_dissolved_solids","salinity","water_qual_date_time","dry"
"BARN_20210622","BARN","Blue Oak Ranch Reserve",2021-06-22,0,0,0,0,0,0,0,0,8,0,"0","totally dry",NA,"Tatum, Caitlin, Sarah",3,"3","14:20","14:50",30,90,NA,NA,NA,NA,NA,NA,NA,NA,NA,NA,0,NA,NA,NA,NA,NA,NA,NA,NA,NA,1
"BNPND002_20210624","BNPND002","Briones Regional Park",2021-06-24,0,0,0,0,0,0,0,0,0,0,"0","totaly dry",NA,"Tatum, Caitlin, Sarah",3,"3","12:32","13:02",30,90,NA,NA,NA,NA,NA,NA,NA,NA,NA,NA,0,NA,NA,NA,NA,NA,NA,NA,NA,NA,1
"BNPND003_20210624","BNPND003","Briones Regional Park",2021-06-24,0,0,0,0,0,0,0,0,0,0,"0","totally dry. fence gone. 4 dead dry newts",NA,"Tatum, Caitlin, Sarah",3,"3","13:00","13:30",30,90,NA,NA,NA,NA,NA,NA,NA,NA,NA,NA,0,NA,NA,NA,NA,NA,NA,NA,NA,NA,1
"BNPND024_20210624","BNPND024","Briones Regional Park",2021-06-24,0,0,0,0,0,0,0,1,0,0,"0","totally dry",NA,"Tatum, Caitlin, Sarah",3,"3","16:28","16:58",30,90,NA,NA,NA,NA,NA,NA,NA,NA,NA,NA,0,NA,NA,NA,NA,NA,NA,NA,NA,NA,1
"CA-BN016_20210624","CA-BN016","Briones Regional Park",2021-06-24,0,0,0,0,0,0,0,0,0,0,"0","totally dry",NA,"Tatum, Caitlin, Sarah",3,"3","15:53","16:23",30,90,NA,NA,NA,NA,NA,NA,NA,NA,NA,NA,0,NA,NA,NA,NA,NA,NA,NA,NA,NA,1
"GDPND008_20210623","GDPND008","Garin Dry Creek Regional Park",2021-06-23,0,0,0,0,0,0,0,0,0,0,"0","totally dry. family of adult and baby turkeys",NA,"Tatum, Caitlin, Sarah",3,"3","15:46","16:16",30,90,NA,NA,NA,NA,NA,NA,NA,NA,NA,NA,0,NA,NA,NA,NA,NA,NA,NA,NA,NA,1
"NORTH_20210622","NORTH","Blue Oak Ranch Reserve",2021-06-22,0,0,0,0,0,0,0,0,0,0,"0","totally dry, no amphibs",NA,"Tatum, Caitlin, Sarah",3,"3","15:59","16:29",30,90,NA,NA,NA,NA,NA,NA,NA,NA,NA,NA,0,NA,NA,NA,NA,NA,NA,NA,NA,NA,1
"PRPND002_20210625","PRPND002","Pleasanton Ridge Regional Park",2021-06-25,0,0,0,0,0,0,0,1,0,0,"0","totally dry",NA,"Tatum, Caitlin, Sarah",3,"3","18:02","18:32",30,90,NA,NA,NA,NA,NA,NA,NA,NA,NA,NA,0,NA,NA,NA,NA,NA,NA,NA,NA,NA,1
"GDPND004_20210623","GDPND004","Garin Dry Creek Regional Park",2021-06-23,0,0,0,0,0,0,0,0,0,0,"0","no pond but the usual tiny spring which looks grosser than ever. coyote, scleoporous, alligator lizard",NA,"Tatum, Caitlin, Sarah",3,"2","14:28","14:58",30,60,NA,NA,NA,NA,NA,NA,NA,NA,NA,NA,0,NA,NA,NA,26.1,6.22,"2860","2030","1.7",NA,1
"PRPND009_20210625","PRPND009","Pleasanton Ridge Regional Park",2021-06-25,1,0,0,0,1,0,0,7,0,0,"10","almost dry, just lots of plants and mud. scleoporous",NA,"Tatum, Caitlin, Sarah",3,"3","12:36","13:06",30,90,1.5,"66","TSK",NA,"0","5",NA,"2","20",7,0,NA,NA,NA,28.9,8.96,"1728","1240","0.87",NA,0
"GRAMPS_20210621","GRAMPS","Blue Oak Ranch Reserve",2021-06-21,1,25,0,0,26,1,0,0,30,0,"0","water snake, 3 AMCA larvae",NA,"Tatum, Caitlin, Sarah",3,"3","22:06","22:36",30,90,1.5,"121","SRB",NA,"0","85",NA,"1","100",2,0,54.6,60.2,NA,19.6,8.4,"1659","1260","0.89",NA,0
"GDPND009_20210623","GDPND009","Garin Dry Creek Regional Park",2021-06-23,0,0,0,0,0,0,0,0,14,0,"1","",NA,"Tatum, Caitlin, Sarah",3,"3","16:22","16:52",30,90,0.5,"140","TSK",NA,"50","50",NA,"2","90",NA,0,94.2,NA,NA,31,7.22,"2460","1760","1.22",NA,0
"PRPND003_20210625","PRPND003","Pleasanton Ridge Regional Park",2021-06-25,0,0,0,0,0,0,1000,0,125,0,"0","",NA,"Tatum, Caitlin, Sarah",3,"3","16:27","16:57",30,90,1,"143","SRB",NA,"0","90",NA,"1","0",2,0,5,10.5,NA,26.6,9.34,"1162","753","0.6",NA,0
"GDPND005_20210623","GDPND005","Garin Dry Creek Regional Park",2021-06-23,0,0,0,0,0,0,0,0,0,0,"0","",NA,"Tatum, Caitlin, Sarah",3,"3","13:03","13:33",30,90,1,"150","SRB",NA,"30","30",NA,"1","100",0,0,61,NA,NA,26.7,5.82,"3540","2480","1.82",NA,0
"PRPND004_20210625","PRPND004","Pleasanton Ridge Regional Park",2021-06-25,10,1,0,0,11,0,100,0,0,0,"4","plumbus esque tad spotted",NA,"Tatum, Caitlin, Sarah",3,"3","15:24","15:54",30,90,0.5,"161","SRB",NA,"15","95",NA,"1","0",7,0,52,NA,NA,28.5,8.87,"1965","1410","0.97",NA,0
"WEST_20210622","WEST","Blue Oak Ranch Reserve",2021-06-22,15,0,0,0,15,1,50,0,50,0,"0","night survey, giant floating dead snake",NA,"Tatum, Caitlin, Sarah",3,"3","22:36","23:06",30,90,0.25,"265","SRB",NA,"0","65",NA,"1","0",NA,0,NA,NA,NA,18.1,9.17,"1253","945","0.93",NA,0
"CABIN_20210622","CABIN","Blue Oak Ranch Reserve",2021-06-22,2,0,0,0,2,0,0,0,10,0,"0","night survey, big snake, 3 turtles",NA,"Tatum, Caitlin, Sarah",3,"3","20:50","21:20",30,90,0.5,"287","SRB",NA,"5","85",NA,"1","70",9,0,78.8,NA,NA,24.7,7.89,"2130","1650","1.13",NA,0
"PRPND010_20210625","PRPND010","Pleasanton Ridge Regional Park",2021-06-25,1,300,0,0,301,0,0,7,0,0,"0","a SUPER WEIRD drought sampling! See June 2023 photos to trule see how horrific it was! dead and dying tadpoles, stuck and dessicating in the small amount of water. there is almost no water, just tadpole bodies. pond is covered in tadpoles-almost-metamorphs and appears to move as you approach. Notebook not super clear, says ~300 metas and the photo is clearly all rana tadpoles! this was one of the last water sources in the area during the drought. Photo: https://photos.app.goo.gl/KZSPkKjLpBe9Ccde6; PERIMETER NOTES:""almost dry""",NA,"Tatum, Caitlin, Sarah",3,"3","11:37","12:07",30,90,1,NA,NA,NA,"0","5",NA,"2","25",0,0,NA,NA,NA,21.7,8.68,"1761","1.18","0.88",NA,0
"CA-BN004_20210624","CA-BN004","Briones Regional Park",2021-06-24,0,0,1,0,1,0,0,0,0,4,"0","7 dead turtles, scleoporous, fence removed. pond is about 30m diam of puddles and mud under dense veg; PERIMETER NOTES:~ 30 m diameter estimated",NA,"Tatum, Caitlin, Sarah",3,"3","13:30","14:00",30,90,NA,NA,NA,NA,NA,NA,NA,"2","100",0,1,NA,NA,NA,23.6,5.58,"4400","3380","2.39",NA,0
"GDPND006_20210623","GDPND006","Garin Dry Creek Regional Park",2021-06-23,0,0,1,0,1,0,0,1,0,0,"0","garter snake, western fence lizards",NA,"Tatum, Caitlin, Sarah",3,"2","11:42","12:12",30,60,2,"118","SRB",NA,"40","60",NA,"1","100",0,0,0,NA,NA,22.2,6.16,"3.39","2.53","1.79",NA,0
"GDPND006_20210728","GDPND006","Garin/Dry Creek Regional Park",2021-07-28,0,0,0,0,0,0,0,0,0,0,"0","Tiny muddy pond in huge wet ring that we sunk into, found some RADR and Tasp larvae when dipping for inverts, pond the color of tar, canopy so high due to fallen cattails","0","Caitlin, Sarah Boyle",2,"2","8:30","8:45",15,30,2.5,"78","SRB",NA,"40","50",NA,"0","100",0,0,0,NA,NA,18.1,7.17,"3430","2.5 ppt","1.76","7/28/2021 8:30",0
"CABIN_20210726","CABIN","Blue Oak Ranch Reserve",2021-07-26,10,300,3,300,613,0,0,0,8,0,"0","Day survey AND night survey (day survey didn’t find much, only recording night survey data in amphib counts)- pig wallowing, red tail hawk call, quail, cloudy morning, pig tracks, jay; TONS of RADR metas- hard to not step on them!! Tons of raca metas in water too, hard to differentiate between radr and raca adults in water but def 3 radr adults on land, hard to find psres- weird! small rain this morning for the first time all summer","0","Caitlin, Sarah Boyle",2,"2","21:00","21:35",35,70,0.5,"264","SRB",NA,"10","90",NA,"1","25",14,0,102,NA,NA,21.4,7.33,"467","326","0.22","7/26/2021 8:30",0
"GDPND005_20210728","GDPND005","Garin/Dry Creek Regional Park",2021-07-28,0,0,1,1,2,0,0,0,0,0,"0","Garter snake, blue dragonflies, wasps, fence lizards, tadpole, newt larvae","0","Caitlin, Sarah Boyle",2,"2","9:35","9:50",15,30,3.5,"110","SRB",NA,"30","60",NA,"1","100",0,0,99,NA,NA,22.1,6.92,"2460","2.46 ppt","1.73","7/28/2021 9:30",0
"GDPND004_20210728","GDPND004","Garin/Dry Creek Regional Park",2021-07-28,0,0,0,0,0,0,0,0,0,0,"0","Completely dry pond, 2 small springs up the hill, data entered for one of the springs, the other one was GROSS, pig tracks, lots of wasps (hawk wasp), garter snake; PERIMETER NOTES: estimated 3 meters total","0","Caitlin, Sarah Boyle",2,"2","10:36","10:46",10,20,0.3,"3",NA,NA,"0","100",NA,"0","40",1,0,NA,NA,NA,22.6,7.27,"2330","1.72 (unk units)","1.22","7/28/2021 10:30",0
"GRAMPS_20210726","GRAMPS","Blue Oak Ranch Reserve",2021-07-26,2,200,0,0,202,1,0,0,7,0,"0","Day survey AND night survey (day survey only 1 amphib, only recording night survey amphib data here); definitely smaller and less veg than last month, jay, tons of Rasp in pond","0","Caitlin, Sarah Boyle",2,"2","23:25","24:00",35,70,0.5,"107","SRB",NA,"0","25",NA,"1","15",0,0,15.6,NA,NA,23.8,7.3,"708","631","0.55","7/26/2021 9:30",0
"WEST_20210726","WEST","Blue Oak Ranch Reserve",2021-07-26,10,50,0,0,60,1,20,0,30,0,"0","Day survey for non-amphibs, Night for amphibs; NOTE: did not take estimated abundances at the time, these are guesses based on memory in September","0","Caitlin, Sarah Boyle",2,"2","21:00","21:35",35,70,0.3,"210","SRB",NA,"0","10",NA,"1","3",3,0,25,NA,NA,26.3,8.8,"1985","1.38 (unk units)","1.03","7/26/2021 11:30",0
"PRPND004_20210730","PRPND004","Pleasanton Ridge Regional Park",2021-07-30,5,0,0,0,5,0,500,0,0,0,"0","SO MANY toadlets, hard to not step on them! Newt larvae pulled up in invert net, did not record conductivity units, but extrapolated that the 2.66 was in ms, thus 2660 us, a conductivity of 2 is silly for the salinity recorded. this was done solo and at night because of car troubles","0","Caitlin",1,"1","18:00","18:15",15,15,0.75,"117","CLN",NA,"5","80",NA,"1","0",7,0,25,NA,NA,28.3,8.76,"2660","1.78 (unk units)","1.33","7/30/2021 19:00",0
"PRPND003_20210812","PRPND003","Pleasanton Ridge Regional Park",2021-08-12,0,0,0,0,0,0,50,0,40,0,"0","Super muddy, this survey done in August to make up for missed at end of July, hella snails, frogs hiding in cracks, BUBO and PSRES hiding together (awww), ONE FROG WITH CRAZY RIB INFECTION (ENTIRE EXTRA LEG AND FOOT), abundances estimates later based on memory","0","Caitlin, Sarah Boyle",2,"2","10:43","10:58",15,30,2,"83","SRB",NA,"0","85",NA,"1","0",2,0,10.2,NA,NA,31,9.35,"2330","1.64 ppt","1.16","8/12/2021 11:00",0
"GDPND009_20210728","GDPND009","Garin/Dry Creek Regional Park",2021-07-28,0,0,0,5,5,0,0,0,1,0,"0","Newt larvae, did not record conductivity units, but extrapolated that the 2.00 was in ms, thus 2000 us, because a conductivity of 2 us is silly for the level of salinity","0","Caitlin, Sarah Boyle",2,"2","12:30","13:00",30,60,1,"114","SRB",NA,"30","40",NA,"1","40",15,0,77.3,NA,NA,33,7.78,"2000","1.45 (unk units)","1.02","7/28/2021 13:00",0
"BARN_20210726","BARN","Blue Oak Ranch Reserve",2021-07-26,0,0,0,0,0,0,0,0,2,0,"0","Day survey; ves COUNT IS 1.5 BECAUSE BOTH OF US LOOKED FOR 15 THEN I LOOKED ALONE FOR THE LAST 15, COMPLETELY DRY","0","Caitlin, Sarah Boyle",2,"2","14:00","14:30",30,60,NA,NA,NA,NA,NA,NA,NA,NA,NA,1,0,NA,NA,NA,NA,NA,NA,NA,NA,NA,1
"NORTH_20210726","NORTH","Blue Oak Ranch Reserve",2021-07-26,0,0,0,0,0,0,0,0,0,0,"0","Day survey, completely dry","0","Caitlin, Sarah Boyle",2,"2","13:18","13:38",20,40,NA,NA,NA,NA,NA,NA,NA,NA,NA,1,0,NA,NA,NA,NA,NA,NA,NA,NA,NA,1
"GDPND008_20210728","GDPND008","Garin/Dry Creek Regional Park",2021-07-28,0,0,0,0,0,0,0,0,0,0,"0","Completely dry, fence lizards","0","Caitlin, Sarah Boyle",2,"2","12:00","12:20",20,40,NA,NA,NA,NA,NA,NA,NA,NA,NA,0,0,NA,NA,NA,NA,NA,NA,NA,NA,NA,1
"BNPND002_20210729","BNPND002","Briones Regional Park",2021-07-29,0,0,0,0,0,0,0,0,0,0,"0","Completely dry, sceloporus, quail","0","Caitlin, Sarah Boyle",2,"2","11:15","11:30",15,30,NA,NA,NA,NA,NA,NA,NA,NA,NA,NA,0,NA,NA,NA,NA,NA,NA,NA,NA,NA,1
"BNPND003_20210729","BNPND003","Briones Regional Park",2021-07-29,0,0,0,0,0,0,0,0,0,0,"0","Completely dry, all gravel, no cracks, 1 lizard","0","Caitlin, Sarah Boyle",2,"2","12:41","12:51",10,20,NA,NA,NA,NA,NA,NA,NA,NA,NA,NA,1,NA,NA,NA,NA,NA,NA,NA,NA,NA,1
"CA-BN004_20210729","CA-BN004","Briones Regional Park",2021-07-29,0,0,0,0,0,0,0,0,0,1,"0","Dry with 2 tiny puddles (1"" in diameter) and filled with wasps, dry veg mat, tons of dead turtles, potentially some mud under the dead veg on top?","0","Caitlin, Sarah Boyle",2,"2","11:30","11:45",15,30,NA,NA,NA,NA,NA,NA,NA,NA,NA,NA,0,NA,NA,NA,NA,NA,NA,NA,NA,NA,1
"BNPND024_20210729","BNPND024","Briones Regional Park",2021-07-29,0,0,0,0,0,0,0,0,0,0,"0","Completely dry, fence lizards","0","Caitlin, Sarah Boyle",2,"2","14:15","14:30",15,30,NA,NA,NA,NA,NA,NA,NA,NA,NA,NA,0,NA,NA,NA,NA,NA,NA,NA,NA,NA,1
"CA-BN016_20210729","CA-BN016","Briones Regional Park",2021-07-29,3,0,0,0,3,0,0,0,0,0,"0","Completely dry, 3 raca adults deep in dried cow trail","0","Caitlin, Sarah Boyle",2,"2","13:48","14:03",15,30,NA,NA,NA,NA,NA,NA,NA,NA,NA,NA,0,NA,NA,NA,NA,NA,NA,NA,NA,NA,1
"PRPND010_20210730","PRPND010","Pleasanton Ridge Regional Park",2021-07-30,0,0,0,0,0,0,0,0,8,0,"0","Completely dry, 20+ dead dried out RACA adults, HOT DAY","0","Caitlin, Sarah Boyle",2,"2","12:30","13:00",30,60,NA,NA,NA,NA,NA,NA,NA,NA,NA,NA,1,NA,NA,NA,NA,NA,NA,NA,NA,NA,1
"PRPND009_20210730","PRPND009","Pleasanton Ridge Regional Park",2021-07-30,0,0,0,0,0,0,0,0,0,0,"0","Completely dry, collected soil and nems on 7/30 and frog survey on 8/11","0","Caitlin, Sarah Boyle",2,"2","13:30","14:00",30,60,NA,NA,NA,NA,NA,NA,NA,NA,NA,NA,2,NA,NA,NA,NA,NA,NA,NA,NA,NA,1
"PRPND002_20210730","PRPND002","Pleasanton Ridge Regional Park",2021-07-30,0,0,0,0,0,0,0,0,0,0,"0","completely dry","0","Caitlin",1,"1","17:30","17:45",15,15,NA,NA,NA,NA,NA,NA,NA,NA,NA,NA,2,NA,NA,NA,NA,NA,NA,NA,NA,NA,1
"GDPND004_20210829","GDPND004","Garin/Dry Creek Regional Park",2021-08-29,0,0,0,0,0,0,0,0,0,0,"0","Completely dry except 2 small springs up the hill, data gathered from those, tons of waspa, tons of mosquito larvae; PERIMETER NOTE: meters","0","Caitlin, Cherie, Hope, Kaylie",4,"1","11:00","11:30",30,30,0.1,"3",NA,NA,"0","100",NA,"0","60",1,0,NA,NA,NA,24,8.28,"5.06 ms","3.58 ppt","2.5","11:00",0
"GDPND005_20210828","GDPND005","Garin/Dry Creek Regional Park",2021-08-28,0,3,1,0,4,0,0,0,0,0,"0","newt larvae, heard Rasp jump in, wasps, dragonflies, mud is color of tar, hard to traverse","0","Caitlin, Cherie, Hope, Kaylie",4,"2","12:04","12:34",30,60,1,"30","CLN",NA,"30","50",NA,"2","100",0,0,2,NA,NA,26.9,7.82,"5.76 ms","4.04 ppt","2.86","12:00",0
"PRPND003_20210830","PRPND003","Pleasanton Ridge Regional Park",2021-08-30,0,0,0,0,0,0,60,0,16,0,"0","Super muddy, sink into mud, really shallow like 2 inches","0","Caitlin, Cherie, Hope, Kaylie",4,"2","14:45","15:15",30,60,2,"41","CLN",NA,"0","5",NA,"2","0",NA,0,0,NA,NA,32.1,8.68,"10.33 ms","7.33 ppt","3.32","15:00",0
"GRAMPS_20210827","GRAMPS","Blue Oak Ranch Reserve",2021-08-27,0,200,0,0,200,0,0,0,30,0,"0","TONS of raca metas, clams present, might want to double check eutrophy level, might be 2?","0","Caitlin, Cherie, Hope, Kaylie",4,"2","0:30","0:56",26,52,0.75,"64","CLN",NA,"0","10",NA,"2","0",4,0,43.9,NA,NA,34,8.28,"853","592","0.41","13:30",0
"GDPND009_20210828","GDPND009","Garin/Dry Creek Regional Park",2021-08-28,0,1,0,0,1,0,0,0,2,0,"0","newt larvae, over 5 cows",NA,"Caitlin, Cherie, Hope, Kaylie",4,"2","16:30","17:00",30,60,1,"81","CLN",NA,"30","50",NA,"2","70",16,1,7,NA,NA,32.9,9.29,"3.16 MS","2.23 ppt","1.65","17:00",0
"PRPND004_20210830","PRPND004","Pleasanton Ridge Regional Park",2021-08-30,1,1,0,0,2,0,1000,0,0,0,"0","Newt larvae, tadpoles (I think bubo) and around 2% of BUBO jeveniles had tails, super eutrophic, SO MANY TOADLETS","0","Caitlin, Cherie, Hope, Kaylie",4,"2","12:30","13:00",30,60,0.5,"85","CLN",NA,"5","35",NA,"2","0",9,0,6,NA,NA,29.8,9.94,"3.67","2.57 ppt","1.81","12:30",0
"WEST_20210827","WEST","Blue Oak Ranch Reserve",2021-08-27,10,30,0,0,40,1,20,0,200,0,"0","racas jumping in pond, pig tracks","0","Caitlin, Cherie, Hope, Kaylie",4,"3","17:00","17:30",30,90,0.5,"127","CLN",NA,"0","50",NA,"1","0",3,0,36,NA,NA,21.3,9.12,"3.83 ms","1.13 ppt","0.8","9:55",0
"CABIN_20210826","CABIN","Blue Oak Ranch Reserve",2021-08-26,3,300,2,300,605,0,0,0,30,0,"0","Duck, turtle, pig tracks, coyote, water kind of mucky from frog catching for water quality, hundreds of Rasp metas","0","Caitlin, Cherie, Hope, Kaylie",4,"3","20:50","21:20",30,90,0.5,"195","CLN",NA,"5","85",NA,"1","5",4,0,43.9,NA,NA,28.9,8.41,"2.5 ms","1.79 ppt","1.26","12:30",0
"BARN_20210826","BARN","Blue Oak Ranch Reserve",2021-08-26,0,0,0,0,0,0,0,0,0,0,"0","Completely dry","0","Caitlin, Hope, Kaylie",3,"1.5","12:00","12:30",30,45,NA,NA,NA,NA,NA,NA,NA,NA,NA,0,0,NA,NA,NA,NA,NA,NA,NA,NA,NA,1
"NORTH_20210827","NORTH","Blue Oak Ranch Reserve",2021-08-27,0,0,0,0,0,0,0,0,0,0,"0","Completely dry, totally dead, no isopods or spiders or lizards or anything","0","Caitlin, Hope, Kaylie",3,"2","10:50","11:10",20,40,NA,NA,NA,NA,NA,NA,NA,NA,NA,NA,0,NA,NA,NA,NA,NA,NA,NA,NA,NA,1
"GDPND006_20210828","GDPND006","Garin/Dry Creek Regional Park",2021-08-28,0,0,1,0,1,0,0,0,2,0,"0","baby garter snake, lizards, dry snail shells","0","Caitlin, Cherie, Hope, Kaylie",4,"2","14:00","14:30",30,60,NA,NA,NA,NA,NA,NA,NA,NA,NA,NA,0,NA,NA,NA,NA,NA,NA,NA,NA,NA,1
"GDPND008_20210828","GDPND008","Garin/Dry Creek Regional Park",2021-08-28,0,0,0,0,0,0,0,0,0,0,"0","dry cow poo, thorny veg, lizards, moths, flies, bees","0","Cherie, Hope, Kaylie",3,"2","16:00","16:20",20,40,NA,NA,NA,NA,NA,NA,NA,NA,NA,NA,0,NA,NA,NA,NA,NA,NA,NA,NA,NA,1
"BNPND002_20210829","BNPND002","Briones Regional Park",2021-08-29,0,0,0,0,0,0,0,0,0,0,"0","completely dry, lizards","0","Caitlin, Cherie, Hope, Kaylie",4,"3","10:30","10:50",20,60,NA,NA,NA,NA,NA,NA,NA,NA,NA,NA,0,NA,NA,NA,NA,NA,NA,NA,NA,NA,1
"BNPND003_20210829","BNPND003","Briones Regional Park",2021-08-29,0,0,0,0,0,0,0,0,0,0,"0","completely dry, gravely, no cracks","0","Caitlin, Cherie, Hope, Kaylie",4,"3","11:00","11:16",16,48,NA,NA,NA,NA,NA,NA,NA,NA,NA,NA,0,NA,NA,NA,NA,NA,NA,NA,NA,NA,1
"CA-BN004_20210829","CA-BN004","Briones Regional Park",2021-08-29,0,0,0,0,0,0,0,0,0,18,"0","Completely dry, newts found deep in holes together, 19 dried out dead turtles, one dried out newt, fence lizards","0","Caitlin, Cherie, Hope, Kaylie",4,"3","11:30","11:57",27,81,NA,NA,NA,NA,NA,NA,NA,NA,NA,NA,0,NA,NA,NA,NA,NA,NA,NA,NA,NA,1
"BNPND024_20210829","BNPND024","Briones Regional Park",2021-08-29,0,0,0,0,0,0,0,0,0,0,"0","Completely dry, super deep cracks, lizards, small snake with blue stripe","0","Caitlin, Cherie, Hope, Kaylie",4,"3","14:13","14:33",20,60,NA,NA,NA,NA,NA,NA,NA,NA,NA,NA,0,NA,NA,NA,NA,NA,NA,NA,NA,NA,1
"CA-BN016_20210829","CA-BN016","Briones Regional Park",2021-08-29,0,1,0,0,1,0,0,0,0,0,"0","Completely dry, lizards, raca found deep in hole","0","Caitlin, Cherie, Hope, Kaylie",4,"3","13:40","13:55",15,45,NA,NA,NA,NA,NA,NA,NA,NA,NA,NA,0,NA,NA,NA,NA,NA,NA,NA,NA,NA,1
"PRPND010_20210830","PRPND010","Pleasanton Ridge Regional Park",2021-08-30,0,0,0,0,0,0,0,0,0,0,"0","Completely dry, 26 dried out RACA adult bodies, small lizards, hawk overhead","0","Caitlin, Cherie, Hope, Kaylie",4,"3","10:05","10:27",22,66,NA,NA,NA,NA,NA,NA,NA,NA,NA,NA,0,NA,NA,NA,NA,NA,NA,NA,NA,NA,1
"PRPND009_20210830","PRPND009","Pleasanton Ridge Regional Park",2021-08-30,0,0,0,0,0,0,0,0,0,0,"0","Completely dry","0","Caitlin, Cherie, Hope, Kaylie",4,"3","10:41","11:01",20,60,NA,NA,NA,NA,NA,NA,NA,NA,NA,NA,0,NA,NA,NA,NA,NA,NA,NA,NA,NA,1
"PRPND002_20210830","PRPND002","Pleasanton Ridge Regional Park",2021-08-30,0,0,0,0,0,0,0,0,0,0,"0","Completely dry, no cracks, lots of thistle","0","Caitlin, Cherie, Hope, Kaylie",4,"2","16:30","16:50",20,40,NA,NA,NA,NA,NA,NA,NA,NA,NA,NA,0,NA,NA,NA,NA,NA,NA,NA,NA,NA,1
"BARN_20211114","BARN","Blue Oak Ranch Reserve",2021-11-14,0,0,0,0,0,0,0,0,0,0,"0","bit of pond scum on top, lots of notos; DEPTH NOTES: max","0","CLN,IR,LV,KK",4,"4 for 15 mins, 2 for next 15 mins","21:33","22:03",30,90,1,"41","CLN",NA,"1","90","8.5 in","1","25",NA,0,16.1,NA,NA,14.7,6.51,"3.76 ms","2.67 ppt","1.88 ppt",NA,0
"GDPND005_20211114","GDPND005","Garin Dry Creek Regional Park",2021-11-14,0,0,0,0,0,0,0,0,0,0,"0","heard 1 psre, heard 1 ranid plop, maybe juv maybe adult, new barbed wire fence bc mud is so sink-y cows were getting stuck, also perimeter: walked 1/3 of pond and multiplied by 3 for perimeter (14 steps * 3), smells anoxic, water is black, possible radr call?, saw lizards, lots of stuff floating on water (plants, etc) impacted percent open; DEPTH NOTES: max (when allowed to sink into mud was 48)","0","CLN,IR,LV,KK",4,"2 for 15 mins, one more for 10 more mins","14:39","15:04",25,40,1.5,"42","CLN",NA,"30","30","33","1","100",3,0,11.8,NA,NA,19.3,5.98,"5.2 ms","3.72 ppt","2.62 ppt",NA,0
"PRPND010_20211116","PRPND010","Pleasanton Ridge Regional Park",2021-11-16,0,0,0,0,0,0,0,0,0,0,"0","heard psre in distance, did Brendan do newt removal at this pond? TSK thought so, dog tracks, lizard, foggy, had the pond meter; DEPTH NOTES: Depth gauge in pond","0","CLN,KK,TSK",3,"2","9:45","10:05",20,40,1,"82","CLN",NA,"0","90","67 (UNITS?)","1","10",NA,0,16,NA,NA,14.9,6.77,"1085","910","0.64",NA,0
"GDPND006_20211114","GDPND006","Garin Dry Creek Regional Park",2021-11-14,0,0,0,0,0,0,0,0,0,0,"0","peri done in water inside of cattails, may be underestimate, coyote (pouncing- so cute!), 2 ducks, alligator lizard, garter snake, dead cattails fallen and stuff floating on water; DEPTH NOTES: max","0","CLN,IR,LV,KK",4,"15 mins 3 plus 15 mins with 2","12:00","12:30",30,75,1,"86","CLN",NA,"60","10","29 in","1","100",0,0,11.9,NA,NA,18.5,5.93,"3.9 ms","2.77 ppt","1.95 ppt",NA,0
"BNPND003_20211115","BNPND003","Briones Regional Park",2021-11-15,0,0,0,0,0,0,0,0,0,50,"0","psre calling nearby, in 10 mins got around 10 newts (actually 9 newts oops) were racing the sun so stopped after 10 mins of VES, saw breeding ball of newts in pond; DEPTH NOTES: max","0","CLN,KK",2,"2","14:30","14:40",10,20,0.5,"88","CLN",NA,"0","98","20.1","0","0",NA,1,41.5,NA,NA,17.6,6.83,"1974","1.41 ppt","0.98 ppt",NA,0
"GRAMPS_20211113","GRAMPS","Blue Oak Ranch Reserve",2021-11-13,0,0,0,0,0,1,0,0,0,0,"0","gross film on top; DEPTH NOTES: max","0","CLN,IR,LV,KK",4,"4","21:37","22:07",30,120,0.25,"89","CLN",NA,"0","60","35.5 in","1","0",3,0,27.8,NA,NA,12,7.86,"3.3 ms","2.34 ppt","1.65 ppt",NA,0
"PRPND002_20211116","PRPND002","Pleasanton Ridge Regional Park",2021-11-16,0,0,0,0,0,0,0,0,0,0,"0","saw something swimming, psre call in distance, cow tracks, dog tracks, horse tracks, raccoon tracks; DEPTH NOTES:  max was middle","0","CLN,KK,TSK",3,"2","14:47","15:02",15,30,0.5,"91","CLN",NA,"0","80","28.4","0","0",18,0,10,NA,NA,18.5,7.39,"639","451 ppm","0.32 ppt",NA,0
"GDPND009_20211116","GDPND009","Garin Dry Creek Regional Park",2021-11-16,0,0,0,0,1,0,0,0,0,0,"0","psre calling nearby, walked half perimeter then doubled it, secchi reading as it was getting dark; DEPTH NOTES: max was middle (near cattails)","0","CLN,KK,TSK",3,"2","16:23","16:38",15,30,1,"100","CLN",NA,"50","50","34 in","1","20",9,1,7,NA,NA,15.4,6.81,"1325","972 ppm","0.68 ppt",NA,0
"PRPND003_20211116","PRPND003","Pleasanton Ridge Regional Park",2021-11-16,0,0,0,0,0,0,0,0,0,0,"0","ripples in water might be newts might be bugs, same with bubbles; DEPTH NOTES: max","0","CLN,KK,TSK",3,"2","13:44","13:59",15,30,2,"113","CLN",NA,"0","100","38 in","1","0",NA,0,NA,NA,NA,17,7.04,"506","352 ppm","0.26 ppt",NA,0
"PRPND004_20211116","PRPND004","Pleasanton Ridge Regional Park",2021-11-16,0,0,0,0,0,0,0,0,0,0,"0","ripples in water might be newts might be bugs, same with bubbles, saw birds; DEPTH NOTES: max","0","CLN,KK,TSK",3,"2","12:19","12:34",15,30,1,"115","CLN",NA,"5","100","24 in","0","0",13,0,23,NA,NA,18.3,6.73,"522","371 ppm","0.27 ppt",NA,0
"PRPND009_20211116","PRPND009","Pleasanton Ridge Regional Park",2021-11-16,0,0,0,0,0,0,0,0,0,0,"0","dog tracks, horse tracks, has gauge; DEPTH NOTES: Depth gauge in pond","0","CLN,KK,TSK",3,"2 for 15, 1 for 9","10:53","11:08",15,39,0.5,"123","CLN",NA,"0","99","4.0 (units?)","1","0",4,0,23,NA,NA,14,6.64,"1495","1.13","0.68",NA,0
"WEST_20211113","WEST","Blue Oak Ranch Reserve",2021-11-13,0,1,0,0,8,0,0,0,0,0,"0","7 ranids in water in addition to meta, likely adults, mayve juveniles?, dead skunk in water, pigtracks, mountain lion track?; DEPTH NOTES: center","0","CLN,IR,LV,KK",4,"4","23:32","0:02",30,120,1.5,"168","CLN",NA,"0","100","90.5 in","1","0",12,0,115,NA,NA,12,7.86,"3.3 ms","2.34 ppt","1.65 ppt",NA,0
"CABIN_20211113","CABIN","Blue Oak Ranch Reserve",2021-11-13,2,1,0,0,3,0,0,0,0,0,"0","water much lower than Aug, water incredibly clear, tons of boatmen, not much else, saw around 5 tads swimming; DEPTH NOTES: center","0","CLN,IR,LV,KK",4,"4","19:36","20:06",30,120,0.75,"199","CLN",NA,"3","99","90.5 in","0","0",2,0,66.4,NA,NA,13,7.22,"1867us","1.33 ppt","0.97 ppt",NA,0
"CA-BN004_20211115","CA-BN004","Briones Regional Park",2021-11-15,0,0,0,0,0,0,0,0,0,200,"0","newt city! All coming out of their burrows and walking around, saw 28 on one lap around the pond, racing the sunset so did VES for 6 minutes, no fence (didn’t there used to be a fence in 2019?), water was GROSS with a nasty film over it; DEPTH NOTES: max","0","CLN,KK",2,"2","16:02","16:08",6,12,1.5,"201","CLN",NA,"0",NA,"46.5 in","2","0",0,0,12,NA,NA,15.1,3.61,"3.96 ms","2.81 ppt","1.92 ppt",NA,0
"BNPND002_20211115","BNPND002","Briones Regional Park",2021-11-15,0,0,0,0,0,0,0,0,0,50,"0","did not dip for juveniles! Caught 10 newts in 19 mins, puddle next to pond had 8 newts, most were SO SKINNY- looked like skeletons and could count their bones, when dipped for inverts found next to none there, coyote howls, deer droppings, super foggy and chilly outside; DEPTH NOTES: max","0","CLN,KK",2,"2","11:38","12:08",30,60,0.5,"202","CLN",NA,"20","78","33.2","1","20",0,0,28,NA,NA,17.5,6.55,"2.28 ms","1.66 ppt","1.15 ppt",NA,0
"GDPND004_20211114","GDPND004","Garin Dry Creek Regional Park",2021-11-14,0,0,0,0,0,0,0,0,0,0,"0","completely dry except 2 small springs up the hill: lower spring; upper spring, edna and water qual from lower spring; DEPTH NOTES: max/center were same; PERIMETER NOTE: meters estimate","0","CLN,IR,LV,KK",4,"2","16:14","16:44",30,60,0.3,"4;3",NA,NA,"0;0","100;100","4;2.5","0;0","50;70",1,0,NA,NA,NA,21.3,7.03,"2.11 ms","1.43 ppt","1.88 ppt",NA,0
"NORTH_20211114","NORTH","Blue Oak Ranch Reserve",2021-11-14,0,0,0,0,0,0,0,0,0,0,"0","completely dry; DEPTH NOTES: none","0","CLN,IR,LV,KK",4,"4 for 15 mins, 2 for next 15 mins","23:04","23:34",30,90,NA,NA,NA,NA,NA,NA,NA,NA,NA,1,0,NA,NA,NA,NA,NA,NA,NA,NA,NA,1
"GDPND008_20211217","GDPND008","Garin Dry Creek Regional Park",2021-12-17,0,0,0,0,0,0,0,3,0,5,"0","thistle all over the inside of the pond, more psres calling that we cant get; CENTER DEPTH MEASUREMENT - 18.5; DEPTH NOTES: inches, used yardstick","0","CLN, LRV, NB",3,"2, both with nets","14:05","14:35",30,60,0.5,"74","CLN",NA,"40","60","19","0","10",0,0,4.2,NA,NA,11.3,6.88,"365","259 ppm","0.2","",0
"GDPND005_20211215","GDPND005","Garin Dry Creek Regional Park",2021-12-15,0,0,0,0,0,0,0,1,0,0,"0","perimeter was done by walking 1/3 on cattails and multiplying by 3 bc sinky mud; CENTER DEPTH MEASUREMENT - 59; DEPTH NOTES: inches","0","CLN, LRV, CB, NB, SB",5,"3","12:52","13:22",30,90,0.5,"78","CLN",NA,"50","50","59","1","100",5,0,9.4,NA,NA,10.1,6.84,"422","299 ppm","0.2","",0
"GDPND006_20211215","GDPND006","Garin Dry Creek Regional Park",2021-12-15,0,0,0,0,0,0,0,0,0,0,"0","downed cattails, cow poo and tracks, perimeter done by walking on cattails; CENTER DEPTH MEASUREMENT - 45; DEPTH NOTES: inches, max is a divet next to the center","0","CLN, LRV, CB, NB, SB",5,"5","11:45","12:00",15,75,1,"91","CLN",NA,"70","30","64","1","100",0,1,10,NA,NA,10.4,6.58,"581","411 ppm","0.3","",0
"GRAMPS_20211213","GRAMPS","Blue Oak Ranch Reserve",2021-12-13,0,0,0,0,0,0,0,0,0,0,"0","Heard psre call, maybe from tree nearby, no eyes in water, cold- there was frost on ground and temp in 30s this week, small springs bubbling and sending water into pond on either side of pond, wet ring was weird- the whole surrounding area is wet but only mud around .5 meters, grass is growing though? actually measured 25m from pond- there are NO trees! grass/ dead branches hindering the ""open water"", biofilms here; CENTER DEPTH MEASUREMENT - 43.5 in; DEPTH NOTES: max is center, used meterstick","0","CLN, LRV, NB, SB",4,"4","20:45","21:00",15,60,0.5,"98","CLN",NA,"0","95","43.5 in","1","0",0,0,3.6,NA,NA,10.6,6.34,"2.39","170 ppm","0.1","12/14/21 3:00pm",0
"PRPND002_20211216","PRPND002","Pleasanton Ridge Regional Park",2021-12-16,0,0,0,0,0,0,0,3,0,0,"0","water high, draining into drain, water brown, physa present, thistle in pond, intermittent stream, psres calling in distance; CENTER DEPTH MEASUREMENT - 35; DEPTH NOTES: inches ","0","CLN, LRV, CB, NB, SB",5,"4 for 10 then 5 for 20 more","10:15","10:45",30,140,0.5,"110","CLN",NA,"5","95","38","0","0",3,1,34.5,NA,NA,11.6,7.21,"688","351 ppm","0.2","",0
"GDPND009_20211217","GDPND009","Garin Dry Creek Regional Park",2021-12-17,0,0,0,0,0,0,0,0,0,1,"0","heard psre call; CENTER DEPTH MEASUREMENT - 31.5; DEPTH NOTES: inches, yardstick","0","CLN, LRV, NB",3,"3 for 15, then 2 dipping nets for another 15","11:47","12:17",30,75,0.5,"123","CLN",NA,"30","70","31.5","0","25",NA,0,11,NA,NA,10,7.1,"639","374 ppm","0.2","",0
"PRPND003_20211216","PRPND003","Pleasanton Ridge Regional Park",2021-12-16,0,0,0,0,0,0,0,0,0,6,"0","psre calling in distance; CENTER DEPTH MEASUREMENT - 57.5; DEPTH NOTES: inches, meterstick","0","CLN, LRV, CB, NB, SB",5,"5 for 15 and 3 for 15 more","15:15","15:45",30,120,0,"140","CLN",NA,"0","100","58","0","0",4,0,52.5,NA,NA,12.6,6.72,"104.4","71.8 ppm","0","",0
"WEST_20211214","WEST","Blue Oak Ranch Reserve",2021-12-14,0,0,0,0,3,0,0,0,0,0,"0","almost no eyes in pond, saw those 3 juveniles only, also deployed biofilms here, ducks, weird white misty fabric looking growth in pond, looked like a cloud or coating but a net wouldn't break it up or lift it, saw 1 anis larva, boats and notos; CENTER DEPTH MEASUREMENT - 206 cm; DEPTH NOTES: Centimeters, used fishing weight, center was the max","0","CLN, LRV, SB, NB",4,"4","19:25","19:50",25,100,2.5,"157","CLN",NA,"0","95","206 cm","1","0",3,0,97.4,NA,NA,9.2,8.36,"457","329 ppm","0.2","12/14/21 10:45am",0
"PRPND010_20211218","PRPND010","Pleasanton Ridge Regional Park",2021-12-18,0,0,0,0,0,0,0,0,0,10,"0","only cover is downed cattails, chucking call in distance (radr??); DEPTH NOTES: completely submerged- water about 1 inch taller than top of gauge","0","CLN, LRV, NB, SB",4,"4 people for 10 mins 10 newts in 12 mins then 2 people frogging for 20 mins","13:05","13:35",30,80,0.5,"158","CLN",NA,"0","95","completely submerged- water about 1 inch taller than top of gauge","0","0",4,0,18,NA,NA,6.8,6.44,"96","70.4 ppm","0","",0
"PRPND004_20211216","PRPND004","Pleasanton Ridge Regional Park",2021-12-16,0,0,0,0,0,0,0,0,0,9,"0","; CENTER DEPTH MEASUREMENT - 60; DEPTH NOTES: inches, meterstick","0","CLN, LRV, CB, NB, SB",5,"5","14:45","15:15",30,150,1.5,"163","CLN",NA,"5","95","62.5","0","0",7,0,16.4,NA,NA,13.2,6.77,"272","179 ppm","0.1","",0
"PRPND009_20211218","PRPND009","Pleasanton Ridge Regional Park",2021-12-18,0,0,0,0,0,0,0,0,0,10,"0","downed tree next to pond, psre call in distance; DEPTH NOTES: meters, used gauge","0","CLN, LRV, NB, SB",4,"3","11:30","12:00",30,90,0.5,"177","CLN",NA,"0","100","5.6 meters","0","0",6,0,62.2,NA,NA,8.4,7.43,"328","227 ppm","0.1","",0
"CABIN_20211214","CABIN","Blue Oak Ranch Reserve",2021-12-14,0,0,0,0,1,0,0,0,0,0,"0","red tail hawk, saw a rasp meta in water, there the heck are all the frogs?? There were so many in July and August!!, deployed biofilms here; DEPTH NOTES: Centimeters, used fishing weight, center was less than 264 cm","0","CLN, LRV, CB, NB, SB",5,"5","21:30","21:46",16,80,2,"200","CLN",NA,"5","95","264 cm","1","0",9,0,40.2,NA,NA,8,7.37,"194","127 ppm","0","12/14/21 4:00pm",0
"NORTH_20211216","NORTH","Blue Oak Ranch Reserve",2021-12-16,0,0,0,0,0,0,0,0,0,0,"0","completely dry but kinda muddy in center?, 3 psres calling in distance, VERY COLD, FROST ON GROUND; DEPTH NOTES: none","0","CLN, LRV, CB, NB",4,"3 for 10 mins + 4 for 5 more mins","20:50","21:05",15,50,NA,NA,NA,NA,NA,NA,NA,NA,NA,NA,0,NA,NA,NA,NA,NA,NA,NA,NA,NA,1
"GDPND004_20211215","GDPND004","Garin Dry Creek Regional Park",2021-12-15,0,0,0,0,0,0,0,0,0,0,"0","dry except 2 springs, took water from both for edna, no inverts; CENTER DEPTH MEASUREMENT - 3; DEPTH NOTES: inches, used yardstick","0","CLN, LRV, CB, NB, SB",5,"2","14:50","15:05",15,30,NA,NA,NA,NA,NA,NA,"3",NA,NA,1,0,NA,NA,NA,9.9,8.01,"871","610 ppm","0.4","",1
"BARN_20211216","BARN","Blue Oak Ranch Reserve",2021-12-16,0,0,0,0,0,0,0,0,2,0,"0","heard PSRE call in distance, saw PSRE eggs and one tadpole during dipnet (NOT A THOROUGH DIPNET, JUST DIPPING FOR 10 BUGS, dipnet and secchi done 12/19 in the morning, entire pond iced over that morning, did not write down perimeter- missing data :(; CENTER DEPTH MEASUREMENT - 11; DEPTH NOTES: inches; center @ pole, used yardstick","1 PSRE","CLN, LRV, CB, NB",4,"3","21:38","21:53",15,45,0.5,NA,NA,NA,"0","100","13","1","20",1,0,9,NA,NA,6.6,6.88,"195.3","139 ppm","0","12/19/21 8:00am",0
"NORTH_20220327","NORTH","Blue Oak Ranch Reserve",2022-03-27,0,0,0,0,0,0,0,2,0,0,"0","mud puddle, barely any water, coated in duckweed, didn't bother with water quality","","CN, CB",2,"1","1:00","1:18",18,18,3,"25","CLN",NA,"0","30",NA,"1","40",NA,0,NA,NA,NA,8.5,7.06,"167","130","0.09",NA,0
"BARN_20220325","BARN","Blue Oak Ranch Reserve",2022-03-25,0,0,0,0,0,0,0,2,0,0,"0","psre larvae and tasp larvae","","CN, CB",2,"1.5","22:45","23:15",30,45,0.3,"54","CLN",NA,"0","60",NA,"1","70",NA,0,22,NA,NA,11.7,7.25,"275","194","0.14",NA,0
"GRAMPS_20220324","GRAMPS","Blue Oak Ranch Reserve",2022-03-24,0,0,0,0,0,0,0,3,0,1,"0","","","CN, CB",2,"2","22:30","23:00",30,60,0.5,"103","CLN",NA,"0","95",NA,"1","95",NA,0,48,NA,NA,14.2,7.39,"142.6","103","0.07",NA,0
"CABIN_20220324","CABIN","Blue Oak Ranch Reserve",2022-03-24,3,6,1,0,16,0,0,13,0,0,"0","heard RADR call, psre chorus, psre eggs, tads","Y","CN, CB",2,"2","20:00","20:30",30,60,0.5,"258","CLN",NA,"5","95",NA,"1","20",NA,0,115,NA,NA,14.6,7.61,"158.4","133","0.09",NA,0
"WEST_20220326","WEST","Blue Oak Ranch Reserve",2022-03-26,2,0,0,0,0,12,0,1,0,0,"0","goose in water","","CN, CB",2,"2","23:00","23:30",30,60,0.5,"260","CLN",NA,"5","70",NA,"2","100",NA,0,50.2,NA,NA,14.7,8.23,"204","147","0.11",NA,0
"GDPND008_20220325","GDPND008","Garin Dry Creek Regional Park",2022-03-25,0,0,0,0,0,0,0,6,0,2,"0","COW ATTACK! Angry cows, 1 started to charge Cherie, one ate out site baggie, mooing aggressively, all licked Cherie's car, did not get secchi, cut amph survey short, estimate as to how many PSREs","Y","CN, CB, EC",3,"3","18:30","18:50",20,60,1,"127","CLN",NA,"0","99",NA,"0","70",NA,1,NA,NA,NA,15.6,7.39,"520","386","0.27",NA,0
"PRPND003_20220326","PRPND003","Pleasanton Ridge Regional Park",2022-03-26,0,0,0,0,0,0,0,7,0,0,"0","tons of bubo tads","","CN, CB",2,"2","17:00","17:30",30,60,1.5,"201","CLN",NA,"0","100",NA,"0","0",NA,0,12,NA,NA,17,8.68,"546","386","0.27",NA,0
"PRPND002_20220326","PRPND002","Pleasanton Ridge Regional Park",2022-03-26,0,0,0,0,0,1,0,9,0,1,"0","pond is oraneg-ish and gross, tasp adults, may have heard radr call? VES:20 mins with 2 of us plus 10 with just Cherie","","CN, CB",2,"1.5","18:45","19:15",30,45,1.5,"99","CLN",NA,"10","90",NA,"1","25",NA,0,5,NA,NA,17,8.68,"546","386","0.27",NA,0
"PRPND004_20220326","PRPND004","Pleasanton Ridge Regional Park",2022-03-26,0,0,0,0,0,3,11,0,0,3,"0","newts, bubo eggs, newt eggs","Y","CN, CB",2,"2","14:45","15:15",30,60,0,"178","CLN",NA,"20","100",NA,"0","0",NA,0,20.5,NA,NA,20.5,7.54,"198.6","140","0.1",NA,0
"PRPND009_20220326","PRPND009","Pleasanton Ridge Regional Park",2022-03-26,0,0,0,0,0,1,0,2,0,1,"0","VES: 22 mins both of us, 8 mins just Cherie, ducks, downed trees, dog tracks, 2 garter snakes, tons of bubo tads in one area","","CN, CB",2,"2","12:30","13:00",30,60,1,"210","CLN",NA,"0","98",NA,"1","10",NA,0,57,NA,NA,23.3,8.33,"228","164","0.11",NA,0
"GDPND009_20220325","GDPND009","Garin Dry Creek Regional Park",2022-03-25,0,0,0,0,0,0,0,0,0,0,"0","newts observed?, perimeter was walking half then multiplying by 2","","CN, CB, EC",3,"2","17:00","17:15",15,30,0.5,"150","CLN",NA,"20","80",NA,"1","20",NA,0,9,NA,NA,24,8.39,"549","389","0.28",NA,0
"PRPND010_20220326","PRPND010","Pleasanton Ridge Regional Park",2022-03-26,0,0,0,0,1,1,0,24,0,2,"0","10 psres caught in 15 mins! the RAsp was a ""plop""","","CN, CB",2,"2","10:30","11:00",30,60,1,"205","CLN",NA,"0","5",NA,"1","95",NA,0,69,NA,NA,24.2,7.25,"261","143","0.1",NA,0
"GDPND006_20220325","GDPND006","Garin Dry Creek Regional Park",2022-03-25,0,0,0,1,1,0,0,4,0,0,"0","tasp larvae present, ducks, garter snake","Y","CN, CB, EC",3,"3","11:00","11:30",30,90,1,"120","CLN",NA,"0","80",NA,"1","15",NA,0,NA,NA,NA,24.7,7.35,"410","295","0.22",NA,0
"GDPND005_20220325","GDPND005","Garin Dry Creek Regional Park",2022-03-25,0,0,0,0,0,0,0,0,0,2,"0","fence still here, birds, ducks, newts, newt eggs","","CN, CB, EC",3,"3","13:30","14:00",30,90,0.5,"140","CLN",NA,"25","75",NA,"1","20",NA,1,15.4,NA,NA,26.7,7.66,"308","232","0.15",NA,0
"GDPND004_20220325","GDPND004","Garin Dry Creek Regional Park",2022-03-25,0,0,0,0,0,0,0,0,0,0,"0","completely dry except spring","","CN, CB, EC",3,"3","15:30","15:45",15,45,NA,NA,NA,NA,NA,NA,NA,NA,NA,1,0,NA,NA,NA,NA,NA,NA,NA,NA,NA,1
"CABIN_20220506","CABIN","Blue Oak Ranch Reserve",2022-05-06,0,4,0,0,19,1,0,2,0,0,"0","",NA,"CN,SY,NS,GB",4,"4","21:30","22:00",30,120,0.5,"320","CLN",NA,"7","90",NA,"1","60",NA,0,87,95,NA,20.3,7.29,"230","160","0.14",NA,0
"GRAMPS_20220506","GRAMPS","Blue Oak Ranch Reserve",2022-05-06,0,0,0,0,0,1,0,0,4,0,"0","",NA,"CN,SY,NS,GB",4,"4","22:45","23:15",30,120,0.1,"93","CLN",NA,"0","97",NA,"1","98",NA,0,74,75,88,21.1,8.05,"205","159","0.12",NA,0
"GDPND006_20220507","GDPND006","Garin Dry Creek Regional Park",2022-05-07,0,0,0,0,0,0,0,1,2,0,"0","red winged blackbird, quail, bird nest with bue eggs",NA,"CN,SY,NS,CB",4,"2","12:40","13:10",30,60,1,"124","CLN",NA,"0","85",NA,"1","65",NA,1,75.5,77.4,NA,23.5,7.67,"537","476","0.33",NA,0
"GDPND005_20220507","GDPND005","Garin Dry Creek Regional Park",2022-05-07,0,0,0,0,0,0,0,1,0,0,"0","big plop, fence still up",NA,"CN,SY,NS,CB",4,"2","14:00","14:30",30,60,0.3,"135","CLN",NA,"25","75",NA,"1","60",NA,0,11.2,28.4,NA,21.4,7.16,"417","278","0.2",NA,0
"GDPND004_20220507","GDPND004","Garin Dry Creek Regional Park",2022-05-07,0,0,0,0,0,0,0,0,0,0,"0","alligator lizard, fence lizard, JUST SPRING",NA,"CN,SY,NS,CB",4,"2","15:30","15:45",15,30,0.75,"7","CLN",NA,"0","100",NA,"1","0",NA,0,NA,NA,NA,23.5,7.9,"947","688","0.49",NA,1
"GDPND009_20220507","GDPND009","Garin Dry Creek Regional Park",2022-05-07,0,0,0,0,0,0,0,0,2,0,"0","tons of wildflowers",NA,"CN,SY,NS,CB",4,"2","16:30","17:00",30,60,0,"211","CLN",NA,"30","70",NA,"1","95",NA,0,39,35,NA,24.8,7.36,"2.81","2","1.45",NA,0
"GDPND008_20220507","GDPND008","Garin Dry Creek Regional Park",2022-05-07,0,0,0,0,0,0,0,11,13,2,"0","",NA,"CN,SY,NS,CB",4,"2","19:00","19:30",30,60,1.5,"117","CLN",NA,"0","97",NA,"1","97",NA,1,53,NA,NA,20.4,8.03,"588","420","0.31",NA,0
"BARN_20220507","BARN","Blue Oak Ranch Reserve",2022-05-07,0,0,0,0,0,0,0,0,11,0,"0","psres calling in distance, 10 psres caught in 8 mins",NA,"CN,SY,NS",3,"3","23:00","23:15",15,45,0.75,"29","CLN",NA,"65","35","13 cm","2","80",0,0,2,NA,NA,26,7.09,"564","392","0.27",NA,0
"PRPND010_20220508","PRPND010","Pleasanton Ridge Regional Park",2022-05-08,0,0,0,0,1,0,0,4,9,0,"0","windy and chilly, around 50 degrees F",NA,"CN,SY,NS,CB",4,"4","11:12","11:42",30,120,0.3,"355","CLN",NA,"5","95",NA,"1","100",NA,0,36,37,NA,17.6,7.16,"192.5","127","0.09",NA,0
"PRPND009_20220508","PRPND009","Pleasanton Ridge Regional Park",2022-05-08,0,0,0,0,0,0,0,0,5,0,"0","4 garter snakes",NA,"CN,SY,NS,CB",4,"4","12:52","13:22",30,120,0,"144","CLN",NA,"0","95",NA,"1","100",NA,0,35.2,41.8,NA,20.5,9.64,"272","194","0.14",NA,0
"PRPND004_20220508","PRPND004","Pleasanton Ridge Regional Park",2022-05-08,0,0,0,0,0,1,0,0,0,0,"0","NOTHING CAUGHT, saw 1 big toad adult (note: 15 mins with all 4 people, plus 15 mins with 2 people)",NA,"CN,SY,NS,CB",4,"3","15:00","15:30",30,90,0.5,"170","CLN",NA,"10","100",NA,"1","0",NA,0,19.8,24.6,NA,18.5,7.98,"192.3","138","0.09",NA,0
"PRPND003_20220508","PRPND003","Pleasanton Ridge Regional Park",2022-05-08,0,0,0,0,0,0,3,1,0,0,"0","adult psre was released, had injury (likely predation); ves: 5 mins all 4 + 15 mins with 2",NA,"CN,SY,NS,CB",4,"2","16:00","16:20",20,40,1,"153","CLN",NA,"0","100",NA,"0","0",NA,0,13,14,NA,21.2,7.98,"220","159","0.11",NA,0
"PRPND002_20220508","PRPND002","Pleasanton Ridge Regional Park",2022-05-08,0,0,0,0,0,0,1000,0,20,0,"0","carpet of bubos!! so many!!! caught 10 bubos in 3 mins",NA,"CN,SY,NS,CB",4,"4","17:15","17:40",25,100,1,"73","CLN",NA,"5","95",NA,"1","60",NA,0,2,6,NA,18.8,9.29,"523","377","0.27",NA,0
"WEST_20220508","WEST","Blue Oak Ranch Reserve",2022-05-08,0,0,0,0,6,0,0,2,28,0,"0","10 psre metas caught in 9 mins",NA,"CN,SY,NS",3,"3","22:10","22:40",30,90,0.5,"305","CLN",NA,"5","95",NA,"1","100",NA,0,47,55,NA,23.6,9.51,"195.4","138","0.1","5/6/22 630pm",0
"NORTH_20220509","NORTH","Blue Oak Ranch Reserve",2022-05-09,0,0,0,0,0,0,0,0,0,0,"0","completely dry","0","CN,SY,NS",3,"3","0:00","0:15",15,45,NA,NA,NA,NA,NA,NA,NA,NA,NA,NA,NA,NA,NA,NA,NA,NA,NA,NA,NA,NA,1
"CABIN_20220617","CABIN","Blue Oak Ranch Reserve",2022-06-17,0,4,1,0,18,1,0,2,12,0,"0","",NA,"SY,EC,RL,CN",4,"4","21:30","22:00",30,120,0.3,"212","CLN",NA,"8","90",NA,"1","80",NA,0,115,116,88,25,8.3,"240","267","0.2 ppt","6/23/22 10:20 AM",0
"BARN_20220617","BARN","Blue Oak Ranch Reserve",2022-06-17,0,0,0,0,0,0,0,0,12,0,"0","COMPLETELY DRY","0","SY,EC,RL,CN",4,"4","23:48","23:59",11,44,NA,NA,NA,NA,NA,NA,NA,NA,NA,NA,0,NA,NA,NA,NA,NA,NA,NA,NA,NA,1
"NORTH_20220618","NORTH","Blue Oak Ranch Reserve",2022-06-18,0,0,0,0,0,0,0,0,0,0,"0","COMPLETELY DRY",NA,"SY,RL,CN",3,"3","22:45","23:00",15,45,NA,NA,NA,NA,NA,NA,NA,NA,NA,NA,NA,NA,NA,NA,NA,NA,NA,NA,NA,NA,1
"GDPND004_20220619","GDPND004","Garin Dry Creek Regional Park",2022-06-19,0,0,0,0,0,0,0,0,0,0,"0","completely dry except spring ",NA,"SY,RL,CN",3,"3","10:46","11:01",15,45,NA,NA,NA,NA,NA,NA,NA,NA,NA,NA,0,NA,NA,NA,NA,NA,NA,NA,NA,NA,1
"GDPND008_20220619","GDPND008","Garin Dry Creek Regional Park",2022-06-19,0,0,0,0,0,0,0,0,53,0,"0","CLN injured ankle and knee, left early",NA,"CN, SY, RL",3,"2.2","12:15","12:30",15,33,1,"113","CLN",NA,"0","60",NA,"2","100",NA,1,1.8,8.2,5,28.5,9.29,"573","401 ppm",".3 ppt",NA,0
"PRPND010_20220621","PRPND010","Pleasanton Ridge Regional Park",2022-06-21,0,0,0,0,1,0,300,0,500,0,"0","random dog? rasp plop amph survey: 30 min caitlin, 24 min SY",NA,"SY,EC,RL,CN",4,"2","8:11","8:37",26,52,0,"152","CLN",NA,"0","95",NA,"1","100",NA,0,22.4,20.5,27.5,21.1,6.84,"2.03","1.47 ppt","0.1 ppt",NA,0
"PRPND009_20220621","PRPND009","Pleasanton Ridge Regional Park",2022-06-21,0,0,0,0,0,0,220,0,60,0,"0","sheep (50?), ducks, quail, ""a bajillion bubos"", ",NA,"SY,EC,RL,CN",4,"2","11:25","11:42",17,34,0,"114","CLN",NA,"0","85",NA,"1","100",NA,0,22.2,19.2,18.4,29.2,8.11,"328","281","0.2 ppt",NA,0
"WEST_20220622","WEST","Blue Oak Ranch Reserve",2022-06-22,20,0,0,0,20,10,130,0,310,0,"0","tons of little moths",NA,"SY,RL,CN",3,"3","21:50","22:20",30,90,1,"212","CLN",NA,"5","85",NA,"1","15",NA,0,47.2,27,32.2,25.3,9.64,"3.08","225 ppm","0.1","6/23/22 9:50 AM",0
"GRAMPS_20220623","GRAMPS","Blue Oak Ranch Reserve",2022-06-23,0,0,0,0,0,1,0,0,65,0,"0","night sample 6/23, day sample 6/18 with shedding",NA,"CN, SY",2,"1.5","22:15","22:45",30,45,0.3,"82","CLN",NA,"0","50",NA,"1","90",NA,0,49.2,61.4,30,28.6,10.04,"275","198","0.1","6/23/22 10:45 AM",0
"GDPND009_20220623","GDPND009","Garin Dry Creek Regional Park",2022-06-23,0,0,2,2,4,0,0,0,6,0,"0","unsure of PSRE count, written sloppily in notebook","0","SY,RL,CN",3,"3","12:30","13:00",30,90,1.5,"122","CLN",NA,"30","30",NA,"1","80",NA,0,8.5,NA,NA,29.7,9.11,"654","463 ppm","0.3 ppt",NA,0
"GDPND006_20220620","GDPND006","Garin Dry Creek Regional Park",2022-06-20,0,0,0,0,0,0,0,0,30,0,"0","",NA,"SY,RL,CN",3,"1.5","10:00","10:30",30,45,0.5,"126","CLN",NA,"10","70",NA,"1","70",NA,1,57.8,79,61.9,21,7.01,"745","542",".4pppt",NA,0
"GDPND005_20220620","GDPND005","Garin Dry Creek Regional Park",2022-06-20,0,0,0,0,0,0,0,0,6,0,"0","PSRE tads, tato tads, hella belos, gate still there",NA,"SY,RL,CN",3,"3","13:00","13:30",30,90,1,"135","CLN",NA,"40","60",NA,"1","95",NA,1,23,2.8,7.2,23.1,6.9,"684","52.4","0.3 ppt",NA,0
"PRPND004_20220622","PRPND004","Pleasanton Ridge Regional Park",2022-06-22,0,0,0,0,1,0,300,0,0,0,"0","toad city, pond definitely smaller than last month",NA,"SY,RL,CN",3,"1.4","9:10","9:35",25,35,0,"146","CLN",NA,"15","100",NA,"1","0",NA,0,42.8,38,34.7,22.1,8.1,"355","278 ppm",".2 ppt",NA,0
"PRPND003_20220622","PRPND003","Pleasanton Ridge Regional Park",2022-06-22,0,0,0,0,0,0,8,0,1,0,"0","mud pit, really hot out, only inverts seen were boat and notos, tato larvae",NA,"SY,RL,CN",3,"2","13:00","13:30",30,60,0.5,"143","CLN",NA,"0","100",NA,"1","0",NA,1,8.2,10.6,11.2,29.5,7.44,"356","253","0.2",NA,0
"PRPND002_20220622","PRPND002","Pleasanton Ridge Regional Park",2022-06-22,0,0,0,0,0,0,45,0,10,0,"0","completely dry, 10 bubos caught in 10 mins",NA,"CN,SY, RL",3,"2","14:30","14:58",28,56,NA,NA,NA,NA,NA,NA,NA,NA,NA,NA,NA,NA,NA,NA,NA,NA,NA,NA,NA,NA,1
"CABIN_20220727","CABIN","Blue Oak Ranch Reserve",2022-07-27,20,40,1,0,61,0,0,0,44,0,"0","","0","CN, NB, KK",3,"3","9:00 PM","9:30 PM",30,90,1,"194","CLN","1184.3","5","95",NA,"1","3",NA,0,104,110,95,24.5,7.28,"634","370","30",NA,0
"GRAMPS_20220728","GRAMPS","Blue Oak Ranch Reserve",2022-07-28,0,0,0,0,0,0,0,0,20,25,NA,"lots of aquatic plants, swarming with flies","0","CN, NB",2,"2","1:30 AM","1:45 AM",15,30,2.5,"63","CLN","161.62","0","20",NA,"1","0",NA,0,47,48.2,23,19.3,8.6,"6.17","437","0.3",NA,0
"GDPND006_20220726","GDPND006","Garin Dry Creek Regional Park",2022-07-26,0,0,0,24,24,0,0,0,20,0,NA,"skink, tons of radr metas","0","RL, SY, CN, NB, KK",5,"5","11:00 AM","11:30 AM",30,150,1.5,"105","CLN","285.19","20","50",NA,"2","80",NA,1,39,6.4,9,25.1,7.25,"1064","747","0.5",NA,0
"GDPND005_20220726","GDPND005","Garin Dry Creek Regional Park",2022-07-26,0,0,0,4,4,0,0,0,9,0,NA,"NO FENCE, garter snake, big toebiter","0","RL, SY, CN, NB, KK",5,"4","1:00 PM","1:30 PM",30,120,1.5,"119","CLN","489.13","30","40",NA,"2","95",NA,0,2.4,5.8,14,26,7.19,"814","599","0.4",NA,0
"GDPND004_20220726","GDPND004","Garin Dry Creek Regional Park",2022-07-26,0,0,0,0,0,0,0,0,0,0,NA,"beetle larvae (HYDR)","0","RL, SY, CN, NB, KK",5,"3","2:20 PM","2:35 PM",15,45,NA,NA,NA,NA,"0","50",NA,"1","70",NA,0,NA,NA,NA,32.1,7.45,"1757","1.27","0.9",NA,1
"GDPND009_20220726","GDPND009","Garin Dry Creek Regional Park",2022-07-26,0,0,0,15,15,0,0,0,29,0,NA,"","0","RL, SY, CN, NB, KK",5,"4","5:20 PM","5:50 PM",30,120,3.5,"77","CLN","282.92","60","40",NA,"2","50",NA,1,3,2.5,0,24.2,7.35,"1038","741","0.5",NA,0
"GDPND008_20220726","GDPND008","Garin Dry Creek Regional Park",2022-07-26,0,0,0,0,0,0,0,0,13,0,NA,"","0","RL, SY, CN, NB, KK",5,"4","2:35 PM","2:50 PM",15,60,2,"70","CLN","130.64","5","30",NA,"2","50",NA,1,5,3,6,30.3,9.07,"830","669","40",NA,0
"BARN_20220726","BARN","Blue Oak Ranch Reserve",2022-07-26,0,0,0,0,0,0,0,0,3,0,"0","COMPLETELY DRY","0","RL, CN, NB, KK",4,"3","10:30 PM","10:45 PM",15,45,NA,NA,NA,NA,NA,NA,NA,NA,NA,NA,0,NA,NA,NA,NA,NA,NA,NA,NA,NA,1
"PRPND010_20220727","PRPND010","Pleasanton Ridge Regional Park",2022-07-27,0,0,0,0,0,0,35,0,100,0,"0","ducks, HOT OUT","0","RL, CN, NB, KK",4,"2","11:17 AM","11:47 AM",30,60,0.75,"127","CLN","476.76","0","100",NA,"1","75",NA,0,20.2,22.25,17.25,27.2,7.04,"747","496","0.3",NA,0
"PRPND009_20220727","PRPND009","Pleasanton Ridge Regional Park",2022-07-27,0,0,0,0,0,0,95,0,350,0,"0","","0","RL, CN, NB, KK",4,"2.33","13:30","14:00",30,70,0.5,"96","CLN","386.55","0","75",NA,"2","5",NA,0,11,26,27,30.4,9.18,"442","338","0.2",NA,0
"PRPND004_20220727","PRPND004","Pleasanton Ridge Regional Park",2022-07-27,0,0,0,0,0,0,1750,0,0,0,"0","toad city","0","RL, CN, NB, KK",4,"2","3:09 PM","3:39 PM",30,60,1,"122","CLN","325.21","5","95",NA,"1","0",NA,0,18.4,7.2,24,NA,NA,NA,NA,NA,NA,0
"PRPND003_20220727","PRPND003","Pleasanton Ridge Regional Park",2022-07-27,0,0,0,0,0,0,1,0,0,0,"0","mud puddle, snails, crickets, wasps, water snakes","0","RL, CN, NB, KK",4,"1","16:30","17:00",30,30,1,"124","CLN","564.12","0","100",NA,"0","0",NA,0,14.5,11.4,13.7,30.2,8.03,"210","159","0.1",NA,0
"PRPND002_20220727","PRPND002","Pleasanton Ridge Regional Park",2022-07-27,0,0,0,0,0,0,2,0,0,0,"0","COMPLETELY DRY",NA,"RL, CN, NB, KK",4,"3","17:30","18:00",30,90,NA,NA,NA,NA,NA,NA,NA,NA,NA,NA,0,NA,NA,NA,NA,NA,NA,NA,NA,NA,1
"WEST_20220725","WEST","Blue Oak Ranch Reserve",2022-07-25,10,7,0,0,17,1,12,0,32,0,"0","","0","CN,NB,KK",3,"3","10:00 PM","10:30 PM",30,90,0.5,"178","CLN","973.99","0","60",NA,"2","0",NA,0,41,45,54,24.6,6.97,"2.48","1.84","1.3",NA,0
"NORTH_20220726","NORTH","Blue Oak Ranch Reserve",2022-07-26,0,0,0,0,0,1,0,0,0,0,"0","COMPLETELY DRY","0","RL, CN, NB, KK",4,"2","11:20 PM","11:45 PM",25,50,NA,NA,NA,NA,NA,NA,NA,NA,NA,NA,0,NA,NA,NA,NA,NA,NA,NA,NA,NA,1
"GDPND004_20220820","GDPND004","Garin Dry Creek Regional Park",2022-08-20,0,0,0,0,0,0,0,0,0,0,NA,"COMPLETELY DRY","0","CN,KS,KK,CB,IR",5,"3","14:20","14:35",15,45,0.3,"0.5 m","CLN","0.25","0","30",NA,"2",NA,NA,0,1,1,1,28.2,7.75,"1155 us","820 ppm","0.6 ppt",NA,1
"GDPND006_20220820","GDPND006","Garin Dry Creek Regional Park",2022-08-20,0,0,0,5,15,0,0,0,4,0,NA,"tons cows, baby cows <3, lizard","0","CN,KS,KK,CB,IR",5,"3","11:00","11:30",30,90,0.5,"93","CLN","240.47","10","40",NA,"2","85",NA,1,6.8,6.4,2.2,21.1,7.21,"1197 us","852 ppm","0.6 ppt",NA,0
"GDPND005_20220820","GDPND005","Garin Dry Creek Regional Park",2022-08-20,0,0,0,4,4,0,0,0,3,0,NA,"no fence, cattails cut","0","CN,KS,KK,CB,IR",5,"3","12:45","13:15",30,90,2,"121","CLN","421.19","25","40",NA,"2","40",NA,0,7.6,10,NA,26,7.96,"1199 us","864 ppm","0.6 ppt",NA,0
"PRPND004_20220821","PRPND004","Pleasanton Ridge Regional Park",2022-08-21,0,0,0,0,0,0,206,0,0,0,"lots","worlds tiniest toadlets, crazy windy, lots newts","0","TK,CN,CB",3,"1","14:20","14:50",30,30,1.5,"113","CLN","263.42","5","60",NA,"2","0",NA,0,43,38,39,28.3,10.55,"389 us","275 ppm","0.2 ppt",NA,0
"WEST_20220819","WEST","Blue Oak Ranch Reserve",2022-08-19,1,2,0,0,21,1,12,0,19,0,"0","0","0","CN,KS,KK,CB,IR",5,"2","22:00","22:30",30,60,0.5,"159","CLN","825.79","0","80",NA,"1","0",NA,0,66,59,35,22.9,8.97,"617 us","427 ppm","0.3 ppt",NA,0
"GDPND009_20220820","GDPND009","Garin Dry Creek Regional Park",2022-08-20,0,0,0,0,0,0,0,0,13,0,NA,"","0","CN,KS,KK,CB,IR",5,"3","14:30","15:00",30,90,3,"16","CLN","5.4","5","85",NA,"2","50",NA,0,NA,NA,NA,29.1,7.38,"1134 us","805 ppm","0.6 ppt",NA,0
"PRPND009_20220821","PRPND009","Pleasanton Ridge Regional Park",2022-08-21,0,0,0,0,0,0,42,0,184,0,"P","all psre 4 mins, all bubo in 9 mins","0","TK,CN,CB",3,"1","12:45","13:15",30,30,0.5,"85","CLN","359.8","0","90","2.5","1","10",NA,0,47.6,51,47.8,27.7,8.67,"534 us","388 ppm","0.3 ppt",NA,0
"CABIN_20220820","CABIN","Blue Oak Ranch Reserve",2022-08-20,6,28,2,0,36,0,0,0,22,0,NA,"raca tads, newt tads","0","CN,KS,KK,CB,IR",5,"3","21:15","21:45",30,90,1,"180","CLN","1376.1","5","95",NA,"1","1",NA,0,105,114,83,23.9,8.36,"344 us","233 ppm","0.2 ppt",NA,0
"PRPND010_20220821","PRPND010","Pleasanton Ridge Regional Park",2022-08-21,0,0,0,0,0,0,14,0,49,0,NA,"all psres 4 mins, all bubos 12 mins","0","TK,CN,CB",3,"3.22","11:00","11:18",18,58,0.5,"118","CLN","512.61","0","95",NA,"1","80",NA,0,28,26,31,24.3,7.06,"310 us","230 ppm","0.1 ppt",NA,0
"GRAMPS_20220821","GRAMPS","Blue Oak Ranch Reserve",2022-08-21,0,0,0,0,0,0,0,0,11,13,"0","TINY pond, flies swarming baby-adult newts crawling out of holes, ""the baby adult newts are totally pathetic"" -Cherie",NA,"CN, CB",2,"1","20:30","21:00",30,30,1,"46","CLN","78.795","0","100",NA,"1","0",NA,0,6,3,2,19.3,7.46,"753 us","638 ppm","0.4 ppt",NA,0
"PRPND003_20220821","PRPND003","Pleasanton Ridge Regional Park",2022-08-21,0,0,0,0,0,0,0,0,0,0,NA,"","0","TK,CN,CB",3,"1","14:30","14:45",15,15,0.5,"112","CLN","447","0","100",NA,"1","0",NA,0,50.4,39.6,43.2,27.9,9.01,"260 us","190 ppm","0.1 ppt",NA,0
"GDPND008_20220820","GDPND008","Garin Dry Creek Regional Park",2022-08-20,0,0,0,0,0,0,0,0,0,0,"0","COMPLETELY DRY","0","CN,KS,KK,CB,IR",5,"5","17:15","17:45",30,150,NA,NA,NA,NA,NA,NA,NA,NA,NA,NA,NA,NA,NA,NA,NA,NA,NA,NA,NA,NA,1
"BARN_20220820","BARN","Blue Oak Ranch Reserve",2022-08-20,0,0,0,0,0,0,0,0,5,0,"0","COMPLETELY DRY",NA,"CN,KS,KK,CB,IR",5,"4","23:00","23:30",30,120,NA,NA,NA,NA,NA,NA,NA,NA,NA,NA,NA,NA,NA,NA,NA,NA,NA,NA,NA,NA,1
"PRPND002_20220821","PRPND002","Pleasanton Ridge Regional Park",2022-08-21,0,0,0,0,0,0,0,0,0,0,"0","COMPLETELY DRY",NA,"TK,CN,CB",3,"2","16:30","16:45",15,30,NA,NA,NA,NA,NA,NA,NA,NA,NA,NA,0,NA,NA,NA,NA,NA,NA,NA,NA,NA,1
"NORTH_20220819","NORTH","Blue Oak Ranch Reserve",2022-08-19,0,0,0,0,0,0,0,1,0,0,"0","COMPLETELY DRY","0","CN,KS,KK,CB,IR",5,"5","23:29","23:59",30,150,NA,NA,NA,NA,NA,NA,NA,NA,NA,NA,NA,NA,NA,NA,NA,NA,NA,NA,NA,NA,1
"BARN_20230331","BARN","Blue Oak Ranch Reserve",2023-03-31,0,0,0,0,0,0,0,22,0,0,NA,"PSRE calling, party; +DYTISCID larvae +PSRE tads +CLAM SHRIMP; VES: 1 person 30 mins plus 4 people 13 mins. secchi and perimeter taken 4/4/23POND PERI NOTE: 1/4 blocked by trees, tried my best). POND AREA IS UNDERESTIMATE",NA,"CN, CM, SY, HH",4,"1 person 30 mins plus 4 people 13 mins","22:00","22:30",30,82,0,"104.86","CLN","62","15","80",NA,"1","25",NA,0,15,19,24,12.5,6.8,"120.1 uS","85.5 ppm","0.06 ppt","3/31/23, 10:00 PM",0
"CABIN_20230403","CABIN","Blue Oak Ranch Reserve",2023-04-03,2,0,0,0,0,1,0,1,0,0,NA,"Night: PSRE call, ~20 PSREs calling, no eyes, very very cold night. Water qual notes: the water data to the left was for the frog swab that ended up making it. perimeter, area, veg, canopy, open, wet, cow, secchi done on 4/4/23",NA,"CN, CM, SY, HH",4,"4","23:00","23:30",30,120,0.5,"224","CLN","1486.2","1","99",NA,"1","50",NA,0,71,68,75,9.4,6.55,"80.5","57 ppm","0.04 ppt","4/3/23, 11:00 PM",0
"GDPND004_20230401","GDPND004","Garin/Dry Creek Regional Park",2023-04-01,0,0,0,0,0,0,0,2,0,13,NA,"WATER IN POND!; garter snake (many), newts, ducks, so many newt egg sacs; western blue belly lizard",NA,"CN, CM, SY, HH, GB, LG, KM",7,"3","15:30","16:00",30,90,0.5,"82","CLN","202.79","15","85",NA,"1","0",NA,0,22,40,16,22.4,7.35,"475 uS","337 ppm","0.23 ppt","4/1/23",0
"GDPND005_20230401","GDPND005","Garin/Dry Creek Regional Park",2023-04-01,0,0,0,0,0,0,0,22,0,5,NA,"no fence, TASP adult; veg is sparse",NA,"CN, CM, SY, HH, GB, LG, KM",7,"3","13:10","13:40",30,90,0.5,"139","CLN","904.21","0","99",NA,"1","10",NA,1,17,15,15.4,22.2,6.81,"164.2 uS","114 ppm","0.08 ppt","4/1/23",0
"GDPND006_20230401","GDPND006","Garin/Dry Creek Regional Park",2023-04-01,0,0,0,0,0,0,0,23,0,1,NA,"garter snake, deer, ducks, doggos",NA,"CN, CM, SY, HH, GB, LG, KM",7,"3","11:00","11:30",30,90,0.5,"132","CLN","1227.9","0","98",NA,"1","0",NA,0,13.2,14.8,13,14.9,7.13,"151 uS","107 ppm","0.08 ppt","4/1/23, 11:00 AM",0
"GDPND008_20230402","GDPND008","Garin/Dry Creek Regional Park",2023-04-02,0,0,0,0,0,0,0,17,0,1,NA,"ducks, WINDY!!, PSRE eggs, ____; hard to get bugs for 10 inverts",NA,"CN, CM, SY, HH",4,"3","17:30","18:00",30,90,0,"130","CLN","604.81","0","100",NA,"1","0",NA,1,6,3.2,3.8,17.8,6.95,"187.3 uS","128 ppm","0.09 ppt","4/2/23",0
"GDPND009_20230402","GDPND009","Garin/Dry Creek Regional Park",2023-04-02,0,0,0,0,0,0,0,21,0,7,NA,"only access to 1/3 of the pond; BIG; brownish; adult newt, TASP eggsPOND PERI NOTE: 1/4 of pond was 38 steps",NA,"CN, CM, SY, HH",4,"3","15:00","15:30",30,90,0,"152","CLN",NA,"25","75",NA,"1","25",NA,0,53.4,52.2,49.8,19.2,6.89,"315 uS","224 ppm","0.16 ppt","4/2/23, 3:00 PM",0
"GRAMPS_20230403","GRAMPS","Blue Oak Ranch Reserve",2023-04-03,0,0,0,0,0,0,0,11,0,0,NA,"Night: PSRE chorus ~20?; chilly out; Day: turtle, stream",NA,"CN",1,"1","20:30","21:00",30,30,1,"118","CLN","485.97","0","90",NA,"1","15",NA,0,19,21,21,10.9,6.81,"61.9 uS","42.9 ppm","0.03 ppt","4/3/23, 8:30 PM",0
"NORTH_20230403","NORTH","Blue Oak Ranch Reserve",2023-04-03,0,0,0,0,0,0,0,2,0,0,NA,"Night: the ground is freezing, TASP + PSRE larvae; Day: TASP + PSRE larvae, no invert survey",NA,"CN",1,"1","01:00","01:30",25,25,1,"79","CLN","195.16","5","15",NA,"2","100",NA,0,110,95,100,7.3,7.95,"110.2","77.9 ppm","0.05 ppt","",0
"PRPND002_20230331","PRPND002","Pleasanton Ridge Regional Park",2023-03-31,0,0,0,0,0,10,0,9,0,0,NA,"small stream feeding into it, BUBOs in holes :)",NA,"CN, CM, SY, HH",4,"3","16:51","17:21",30,90,3,"99","CLN","301.4","0","100",NA,"0","0",NA,0,39,20,35.9,20.6,7.12,"459 uS","326 ppm","0.25 ppt","3/31/23, 4:51 PM",0
"PRPND003_20230331","PRPND003","Pleasanton Ridge Regional Park",2023-03-31,0,0,0,0,0,1,0,6,0,11,NA,"GERR; teeming w/ NOTO/BOAT; PSRE egg clutch. Water qual notes: pH was being weird",NA,"CN, CM, SY, HH",4,"3","13:57","14:27",30,90,0,"210","CLN","1630","0","100",NA,"0","0",NA,0,7,16.8,29.6,21.8,6.42,"122.5 uS","85.4 ppm","0.06 ppt","3/31/23, 1:57 PM",0
"PRPND004_20230331","PRPND004","Pleasanton Ridge Regional Park",2023-03-31,0,0,0,0,0,2,0,4,0,0,NA,"2 PSRE adult, weird eggs (BUBO?)",NA,"CN, CM, SY, HH",4,"4","11:40","12:10",30,120,0.5,"163","CLN","1187.6","2","100",NA,"0","0",NA,0,36.2,23.2,38.3,16.5,8.6,"48.6 uS","35.6 ppm","0.03 ppt","3/31/23, 11:40 AM",0
"PRPND009_20230402","PRPND009","Pleasanton Ridge Regional Park",2023-04-02,0,0,0,0,0,0,0,36,0,0,NA,"BIG pond, PSRE tad, TATO tad, TASP eggs",NA,"CN, CM, SY, HH",4,"2 people 9 mins, 1 person 30 mins","13:40","14:10",30,39,0,"218","CLN","1080.1","0","100",NA,"0","10",NA,0,50,72,61.2,17.3,7.77,"59.3 uS","42.5 ppm","0.03 ppt",NA,0
"PRPND010_20230402","PRPND010","Pleasanton Ridge Regional Park",2023-04-02,0,0,0,0,0,2,0,2,0,0,NA,"HUGE! into ROAD! bottom coated w/ algae",NA,"CN, CM, SY, HH",4,"3","11:00","11:30",30,90,0,"229","CLN","2763.8","0","100",NA,"1","0",NA,0,53,61.2,47,13.9,6.81,"60.1 uS","42.5 ppm","0.03 ppt","4/2/23, 11:00 AM",0
"WEST_20230401","WEST","Blue Oak Ranch Reserve",2023-04-01,1,0,0,0,0,39,0,14,0,0,NA,"Night: frog chorus, huge pond!!; geese; stream feeding in. perimeter, area, veg, canopy, open, wet, cow, secchi done on 4/4/23",NA,"CN, CM, SY, HH",4,"4","22:00","22:30",30,120,0.5,"251","CLN","1310.9","1","95",NA,"1","60",NA,0,63,76,51,13.9,7.14,"144.7 uS","103 ppm","0.07 ppt","4/1/23, 10:00 PM",0
"GRAMPS_20230607","GRAMPS","Blue Oak Ranch Reserve",2023-06-07,0,0,0,0,0,0,0,0,62,0,"0","turtle, garter snake, PSRE meta; 10 inverts collected 6/7; WATER QUAL NOTES: also taken 6/5/23 at 12:21 PM in the day. temp: 24, pH: 8.03, cond: 127.5 uS, tds: 88.2 ppm, sal: 0.06 ppt",NA,"CN, SY, LV, NS, HH, EB, EC, CM, TK",9,"3","23:00","23:30",30,90,0.5,"97","CLN","392.95","0","75",NA,"1","100",NA,NA,97.4,94.2,89,22.6,9.21,"117.9","85.5 ppm","0.06 ppt","6/8/23",0
"WEST_20230608","WEST","Blue Oak Ranch Reserve",2023-06-08,1,0,0,0,0,0,1000,0,32,0,"0","night: RACA adults; PSRE meta, tad; BUBO meta, tad; PSRE adult calling;
day: BUBO metas, tads; PSRE meta, tads. POND PERI NOT SAFE; WATER QUAL NOTES: also taken in the day temp: 24.9, pH: 6.63, cond: 283 uS, tds: 201 ppm, sal: 0.14 ppt",NA,"CN, SY, LV, NS, HH, EB, EC, CM, TK",9,"3","23:29","23:59",30,90,0.5,NA,NA,"832.79","5","85",NA,"2","100",NA,NA,95.1,78.3,67,20.6,9.15,"293 uS","210 ppm","0.15","6/8/23 11:30 PM",0
"CABIN_20230607","CABIN","Blue Oak Ranch Reserve",2023-06-07,20,1,0,0,0,0,0,0,7,0,"0","Day: RACA tads, PSRE meta, Big plop (RASP), did passive eDNA sampling. POND PERI NOT SAFE; WATER QUAL NOTES: also taken 6/8/23 ~9:32 PM (during frogging), temp: 21.7, pH: 9.12, cond: 87.7 uS, sal: 0.04 ppt, tds: 64.2 ",NA,"CN, SY, LV, NS, HH, EB, EC, CM, TK",9,"4","21:32","22:02",30,120,NA,NA,NA,"1443.9","5","95",NA,"1","100",NA,0,74.2,84.6,115,20.4,8.59,"85.4 uS","60.6 ppm","0.04 ppt","6/7/23",0
"BARN_20230606","BARN","Blue Oak Ranch Reserve",2023-06-06,0,0,0,0,0,0,0,0,21,0,"0","did not get site parameters earlier; WATER QUAL NOTES: also taken 6/6/23 at 12:30 PM in the day, temp: 22.7, pH: 7.2, cond: 237 uS, tds: 168 ppm, sal: 0.12 ppt",NA,"CN, SY, LV, NS, HH, EB, EC, CM, TK",9,"3","21:02","21:32",30,90,NA,"38","CLN","55.05",NA,NA,NA,NA,NA,NA,NA,6.6,6.7,10,21.1,7.6,"164.6 uS","115 ppm","0.08 ppt","6/6/23, 9:02 PM",0
"NORTH_20230606","NORTH","Blue Oak Ranch Reserve",2023-06-06,0,0,0,0,0,0,0,0,120,0,"0","PSRE metas perimeter is 67 I forgot the number but was pretty sure it was 67",NA,"CN, SY, LV, NS, HH, EB, EC, CM, TK",9,"2.5","22:00","22:30",30,75,0,"67","CLN","112.65","1","40",NA,"1","100",NA,0,23.6,45,45.6,18.3,7.07,"188.9 uS","134 ppm","0.09 ppt","6/6/23",0
"GDPND004_20230602","GDPND004","Garin/Dry Creek Regional Park",2023-06-02,0,0,0,0,1,0,0,0,47,0,"0","garter snake, 2 ""big plops/big frogs,"" probs Ranids; no IDs, all psre caught in 13 mins; WATER QUAL NOTES: Oakton: temp: 29.3, pH: 9.5, cond: 547, tds: 434 ppm, sal: 0.3 ppt",NA,"CN, SY, LV, NS, HH, EB, EC, CM, TK",9,"3","16:30","17:00",30,90,0.5,"93",NA,"179.49","0","95",NA,"1","2",NA,0,13.9,23.5,21.8,29.9,8.81,"401","281 ppm","0.2 ppt","6/2/23, 4:30 PM",0
"GDPND005_20230602","GDPND005","Garin/Dry Creek Regional Park",2023-06-02,0,0,0,0,0,0,0,0,24,1,"0","GBH, PSRE metas, duck, newt adult, cows drinking, all psres caught in 15 mins; WATER QUAL NOTES: Oakton: temp: 25.8, pH: 7.21, cond: 500 uS/cm, tds: 372 ppm, sal: 0.30 ppt",NA,"CN, SY, LV, NS, HH, EB, EC, CM, TK",9,"3","14:15","14:45",30,90,1,"145","SLY","779.75","0","95",NA,"1","95",NA,1,35.2,33.8,25.2,26.3,6.45,"289 uS","207 ppm","0.14 ppt","6/2/23, 2:15 PM",0
"GDPND009_20230602","GDPND009","Garin/Dry Creek Regional Park",2023-06-02,0,0,1,0,0,0,0,0,25,1,"0","no cattails - weird, PSRE meta; presence of RADR, walked 1/3 of pond for peri and mulitplied those steps (59) times 3; WATER QUAL NOTES: Oakton: temp: 22.9, pH: 7.95, cond: 610, tds: 480, sal: 0.3 ppt",NA,"CN, SY, LV, NS, HH, EB, EC, CM, TK",9,"3","19:00","19:30",30,90,0.5,"77","CLN",NA,"30","50",NA,"1","90",NA,0,34,29,19,21.5,7.74,"450 uS","360","0.23 ppt","6/2/23, 7:00 PM",0
"GDPND006_20230602","GDPND006","Garin/Dry Creek Regional Park",2023-06-02,0,0,2,0,0,0,0,1,47,3,"0","garter snake, tads, 4 big plops during peri, PSRE tads, TASP larvae (TATO), unidentified big frog (2), RADR meta; WATER QUAL NOTES: Oakton: temp: 23.9, pH: 7.46, cond: 427 uS/cm, tds: 301 ppm, sal: 0.20 ppt",NA,"CN, SY, LV, NS, HH, EB, EC, CM, TK",9,"3","11:20","11:50",30,90,0.3,"140","SLY","665.88","0","99",NA,"1","2",NA,0,34.6,19.2,30.6,24.1,7.51,"26.5","190 ppm","0.11 ppt","6/2/23",0
"GDPND008_20230603","GDPND008","Garin/Dry Creek Regional Park",2023-06-03,0,0,0,0,0,0,0,0,54,2,"0","crazy pot holes all around pond, mud VERY sinky around edges, ""It's mostly holes and then sink""; WATER QUAL NOTES: sal was double-checked",NA,"CN, SY, LV, NS, HH, EB, EC, CM, TK",9,"3","19:00","19:30",30,90,0.3,"155","SLY","495.03","0","70",NA,NA,"100",NA,0,11.4,13.4,NA,24.9,6.38,"441 uS","315 ppm","0.22 ppt","6/3/23, 7:01 PM",0
"PRPND003_20230604","PRPND003","Pleasanton Ridge Regional Park",2023-06-04,0,0,0,0,0,1,23,1,0,0,"0","BUBO metas",NA,"CN, SY, LV, NS, HH, EB, EC, CM, TK",9,"3","14:00","14:30",30,90,2.5,"230","TSK","1311","0","100",NA,"0","0",NA,NA,6.8,6.2,6.6,30,8.12,"54.4 uS","38.5 ppm","0.03 ppt","6/4/23, 2:00 PM",0
"PRPND004_20230604","PRPND004","Pleasanton Ridge Regional Park",2023-06-04,0,0,0,0,0,4,0,0,0,0,"0","2 dead BUBO adults, 2 amplexing BUBO, saw 1 potential plumbus RASP. POND PERI NOT SAFE",NA,"CN, SY, LV, NS, HH, EB, EC, CM, TK",9,"3","11:27","11:57",30,90,1,NA,NA,"668.72","10","100",NA,NA,"0",NA,0,17,23.2,23.2,22.4,6.8,"99.6 uS","69.5 ppm","0.05 ppt","6/4/23",0
"PRPND010_20230603","PRPND010","Pleasanton Ridge Regional Park",2023-06-03,0,0,0,0,0,1,0,1,268,0,"0","overall estimate of psre metas ~400-500",NA,"CN, SY, LV, NS, HH, EB, EC, CM, TK",9,"3","12:18","12:48",30,90,0.5,"196","SLY","810.12","0","85",NA,"1","100",NA,0,74,104,114,29.7,6.19,"82.5 uS","54.3 ppm","0.04 ppt","6/3/23, 12:18 PM",0
"PRPND009_20230603","PRPND009","Pleasanton Ridge Regional Park",2023-06-03,0,0,0,0,0,0,3000,0,1500,0,"0","THOUSANDS of BUBO + PSRE babies; SO. MUCH. GRASS, all bubos caught in 4 mins, all psres caught in 15 mins, hard to walk without stepping on thousands of frogs",NA,"CN, SY, LV, NS, HH, EB, EC, CM, TK",9,"3","","",30,90,0,"197",NA,"1109.5","0","60",NA,"1","100",NA,NA,28.2,20.2,23.6,31.2,6.96,"85 uS","61.7 ppm","0.04 ppt","6/3/23, 3:17 PM",0
"PRPND002_20230604","PRPND002","Pleasanton Ridge Regional Park",2023-06-04,0,0,0,0,0,0,95,0,32,0,"0","BUBO metas, TASP larvae, no invert survey, dangerous, ""slug pond"" not because there were slugs but because Caitlin was a slug",NA,"CN, SY, LV, NS, HH, EB, EC, CM, TK",9,"1.5","16:30","17:00",30,45,4,NA,NA,"89.175","0","100",NA,"0","0",NA,0,6,6.2,5.4,33.1,7.221,"1275 uS","906 ppm","0.64 ppt","6/4/23, 4:31 PM",0
"GRAMPS_20230703","GRAMPS","Blue Oak Ranch Reserve",2023-07-03,0,0,0,0,0,0,0,0,221,0,"0","PSRE meta, TATO larvae, PSRE tads; WATER QUAL NOTES: also taken at 12:32 PM, 7/3/23 (temp: 32.1, pH: 8.42, cond: 142.3 uS, tds: 98.6 ppm, sal: 0.07 ppt)",NA,"CN, JE, OS, SY, KK, HH",6,"4","23:00","23:30",30,120,0.5,"79","CLN","328.29","0","0.5",NA,"1","100",NA,0,42,35.2,NA,22.2,8.18,"136 uS","95.5 ppm","0.07 ppt","7/3/23, 11:00 PM",0
"WEST_20230704","WEST","Blue Oak Ranch Reserve",2023-07-04,1,9,0,0,0,0,580,0,61,0,"0","Day: BUBO metas ""carpet"", pond peri we think it is SY, but not 100%
Night: area likely underestimated, fireworks",NA,"CN, JE, OS, SY, KK, HH",6,"4","22:00","22:30",30,120,1,"256","SLY","1209.4","1","90",NA,"1","85",NA,0,34,NA,NA,26.8,9.15,"27.8 uS","200 ppm","0.14 ppt","7/4/23",0
"CABIN_20230703","CABIN","Blue Oak Ranch Reserve",2023-07-03,8,8,1,0,1,0,0,0,13,0,"0","~12 RASP metas, +3 chirps, canopy was written as <3 that is dumb I made it 3",NA,"CN, JE, OS, SY, KK, HH",6,"3","21:12","21:42",30,90,0.5,"240","SLY","1427.7","3","90",NA,"1","70",NA,0,110,103,96,25.3,9.39,"104 uS","76.2 ppm","0.75 ppt","7/3/23, 9:12 PM",0
"BARN_20230704","BARN","Blue Oak Ranch Reserve",2023-07-04,0,0,0,0,0,0,0,0,1,0,"0","secchi taken 7/3/23; PSRE metas, CTS meta, newt larva, TAGR larva. POND PERI NOTE:  (maybe 36?); WATER QUAL NOTES: also taken at 4:30 PM, 7/3/23 (temp: 33.7, pH: 8.15, cond: 308 uS, tds: 227 ppm, 0.16 ppm)",NA,"CN, JE, OS, SY, KK, HH",6,"2 for 26 minutes, 1 for 15","0:00","0:26",26,67,0.5,"33","CLN","46.38","0","85",NA,"1","75",NA,0,2,3,4,18.2,6,"345 uS","245 ppm","0.17 ppt","7/5/23, 11:30 PM",0
"NORTH_20230706","NORTH","Blue Oak Ranch Reserve",2023-07-06,0,0,0,0,0,0,0,0,72,0,"0","Night: California tiger salamander",NA,"CN, JE, OS, SY, KK, HH",6,"2 for 30, 1 for 15","22:00","22:30",30,75,0,"53","SLY","84.151","5","40",NA,"2","100",NA,0,79.8,84.2,78.2,21.3,6.2,"233 uS","166 ppm","0.12 ppt","7/6/23, night",0
"GDPND004_20230705","GDPND004","Garin/Dry Creek Regional Park",2023-07-05,0,0,2,0,0,0,0,0,60,0,"0","RASP ""green;"" ""sludge pit,"" smelly water; Johnson Lab sampled this morning, eDNA may be contaminated",NA,"CN, JE, OS, SY, KK, HH",6,"3","14:45","15:15",30,90,1.5,"58","CLN","109.1","0","15",NA,"2","10",NA,0,4.4,2,7.5,30.5,7.93,"596 uS","436 ppm","0.31 ppt","7/5/23, 2:45 PM",0
"GDPND005_20230705","GDPND005","Garin/Dry Creek Regional Park",2023-07-05,0,0,0,0,1,0,0,0,99,0,"0","1 RACA, PSRE; WATER QUAL NOTES: weirdness w/ probe at last site (G6), graph symbol came up!",NA,"CN, JE, OS, SY, KK, HH",6,"3","13:00","13:30",30,90,1,"126","CLN","698.92","0","95",NA,"1","95",NA,0,60,82.3,86.2,29.1,6.62,"365 uS","261 ppm","0.18 ppt","7/5/23, 12:55 PM",0
"GDPND009_20230705","GDPND009","Garin/Dry Creek Regional Park",2023-07-05,0,0,0,0,0,0,0,0,1052,0,"0","PSRE everywhere, malformations/RIB everywhere, peri done by walking half the pond (29 steps) then mult by 2. POND AREA UNSAFE",NA,"CN, JE, OS, SY, KK, HH",6,"3","19:07","19:37",30,90,2,"58","CLN",NA,"20","3",NA,"2","95",NA,0,69.8,27.2,83.4,22.2,7.32,"450 uS","319 ppm","0.22 ppt","7/5/23, 7:07 PM",0
"GDPND006_20230705","GDPND006","Garin/Dry Creek Regional Park",2023-07-05,0,0,1,0,0,0,0,0,297,0,"0","tons PSRE metas, big plop no squeal - RADR?, garter snake, 1 adult PSRE, TATO larvae, TAGR larvae, +2 RADR (peri)",NA,"CN, JE, OS, SY, KK, HH",6,"3","10:45","11:15",30,90,1,"137","SLY","626.27","0","95",NA,"1","20",NA,0,24.2,21.6,22.6,23.4,7.6,"30.9 uS","220 ppm","0.15 ppt","7/5/23, 10:45 AM",0
"GDPND008_20230705","GDPND008","Garin/Dry Creek Regional Park",2023-07-05,0,0,0,0,0,0,0,0,31,0,"0","LOTS of holes, tons of tall grass, hard to access site",NA,"CN, JE, OS, SY, KK, HH",6,"3","17:21","17:51",30,90,1.5,"117","SLY","343.86","0","90",NA,"1","100",NA,0,6.2,9.8,10.6,28,6.98,"531 uS","379 ppm","0.27 ppt","7/5/23, 5:21 PM",0
"PRPND003_20230706","PRPND003","Pleasanton Ridge Regional Park",2023-07-06,0,0,0,0,0,0,163,0,13,0,"0","BUBO metas, PSRE metas, secchi reading 1  ""maybe 10.4 hard to read""",NA,"CN, JE, OS, SY, KK, HH",6,"3","16:45","17:15",30,90,0.5,"164","CLN","1012.9","0","100",NA,"0","0",NA,0,16.4,9.2,15.2,28.4,8,"66.9 uS","45.4 ppm","0.03 ppt","7/6/23, 4:45 PM",0
"PRPND004_20230706","PRPND004","Pleasanton Ridge Regional Park",2023-07-06,0,0,0,0,0,1,115,0,0,0,"0","1 PSRE meta, BUBO metas, BUBO tads, peri was written weird, ""146+"" so we got rid of it, we have area",NA,"CN, JE, OS, SY, KK, HH",6,"3","15:00","15:30",30,90,0.5,NA,"CLN","801.14","5","100",NA,"0","0",NA,0,30.75,27.5,26.25,24,6.56,"132.1 uS","95 ppm","0.07 ppt","7/6/23",0
"PRPND010_20230706","PRPND010","Pleasanton Ridge Regional Park",2023-07-06,0,0,0,0,0,0,0,0,1669,0,"0","tons of malformations!!, dead bird in pond, adult PSRE",NA,"CN, JE, OS, SY, KK, HH",6,"3","10:30","11:00",30,90,0.5,"153","CLN","689.93","0","50",NA,"1","100",NA,0,61,67,78.5,25.1,5.44,"102 uS","71.5 ppm","0.05 ppt","7/6/23, 10:30 AM",0
"PRPND009_20230706","PRPND009","Pleasanton Ridge Regional Park",2023-07-06,0,0,0,0,0,0,1010,0,2810,0,"0","""more PSRE than BUBO,"" PSRE w/ rib seen",NA,"CN, JE, OS, SY, KK, HH",6,"3","12:00","12:30",30,90,1,"119","CLN","676.1","0","70",NA,"1","100",NA,0,33.2,44.2,43,27.3,6.4,"97.9 uS","70.3 ppm","0.05 ppt","7/6/23, ~12 PM",0
"PRPND002_20230706","PRPND002","Pleasanton Ridge Regional Park",2023-07-06,0,0,0,0,0,0,19,0,12,0,"0","completely dry, BUBO metas, PSRE metas",NA,"CN, JE, OS, SY, KK, HH",6,"3","18:00","18:30",30,90,NA,NA,NA,NA,NA,NA,NA,NA,NA,NA,1,NA,NA,NA,NA,NA,NA,NA,NA,NA,1
"PRPND003_20230805","PRPND003","Pleasanton Ridge Regional Park",2023-08-05,0,0,0,0,0,0,53,0,8,0,"0","cow herd actively drinking, garter snake x3, wasps; WATER QUAL NOTES: cond and sal units not specified",NA,"SY, LV, IR",3,"2","17:00","17:30",30,60,0.25,"157","SLY","948.42","0","1",NA,"0","0",NA,1,9.2,10,9.4,31.8,7.97,"77.8","54.7 ppm","0.04","2023-08-05",0
"PRPND010_20230805","PRPND010","Pleasanton Ridge Regional Park",2023-08-05,0,0,0,0,0,0,0,5,2578,0,"0","PSREs w/ rib = highly abundant; small bone pile",NA,"SY, LV, IR, CB, CM, MM, EAN",7,"3","8:30","9:00",30,90,0.5,"141","SLY","405.97","0","1",NA,"1","100",NA,0,9.4,29.4,10,25.3,6.86,"112.5 uS","80.1 ppm","0.06 ppt","2023-08-05",0
"GDPND006_20230806","GDPND006","Garin/Dry Creek Regional Park",2023-08-06,3,0,3,0,0,0,0,0,90,0,"0","semi fresh poop; RACA adult? definitely some dark bodied RASP; 3ish snakes, 2 garter, 1 western racer; PSRE metas, TASP larvae; no open water measurement taken",NA,"SY, CM, LV, IR, EN",5,"2","10:50","11:20",30,60,0.25,"157","SLY","475.51","0",NA,NA,"1","15",NA,1,12.1,14.1,13.6,27.8,7.27,"393 uS","182 ppm","0.20 ppt","2023-08-06",0
"WEST_20230803","WEST","Blue Oak Ranch Reserve",2023-08-03,9,0,0,0,0,2,130,0,13,0,"0","Night: lots of fresh cow poop; Day: cow herd, bullfrog tads seen but not in community survey, lots of meta BUBO + PSRE; canopy was listed as <1 but changed to 1",NA,"SY, LV, IR, CB, CM, MM, EAN",7,"3","23:00","23:30",30,90,0.25,"229","SLY","1462.7","1","1",NA,"1","10",NA,1,15.8,69.4,57,21.9,8.61,"564 uS","425 ppm","0.26 ppt","2023-08-03",0
"PRPND009_20230805","PRPND009","Pleasanton Ridge Regional Park",2023-08-05,0,0,0,0,0,0,403,0,2410,0,"0","Maggie the dog jumped in mid eDNA, 2 garter snakes, PSRE + BUBO metas",NA,"SY, LV, IR, CB, CM, MM, EAN",7,"3","10:00","10:30",30,90,0.5,"119","SLY","549.59","0","1",NA,"1","100",NA,0,22,23,24,26.5,6.6,"112.9 uS","81.2 ppm","0.06 ppt","2023-08-05",0
"PRPND004_20230805","PRPND004","Pleasanton Ridge Regional Park",2023-08-05,NA,NA,NA,NA,NA,NA,10,NA,NA,NA,NA,"Due to emergency (personnel), only had 1 person grab 10 bubo in 10 minutes, no other frog data collected; lots of breathing animals in pond, all BUBOs (likely only metas), wasps and fence lizards",NA,"SY, LV, IR, CB, CM, MM, EAN",7,NA,NA,NA,NA,NA,0.25,"154","SLY","496.44","0","1",NA,"1","0",NA,0,30.2,23.8,24.1,27.8,7.44,"163.7 uS","118 ppm","0.08 ppt","2023-08-05",0
"CABIN_20230804","CABIN","Blue Oak Ranch Reserve",2023-08-04,25,41,0,0,0,0,0,0,5,0,"0","Day: turtle, multiple large plops; Night: turtle, PSRE metas, lots of juv. RACA and RACA tads, RADR found but not swabbed; WATER QUAL NOTES: vial was left out 24 hrs (found next day in amphib bin)",NA,"SY, LV, IR, CB, CM, MM, EAN",7,"3","21:45","22:15",30,90,0.5,"243","SLY","1303.8","0","1",NA,"1","35",NA,0,33.5,63.2,60.4,23,8.67,"132.6 uS","95.4 ppm","0.07 ppt","2023-08-04",0
"GDPND005_20230806","GDPND005","Garin/Dry Creek Regional Park",2023-08-06,0,0,4,0,0,0,0,1,80,0,"0","cow herd after eDNA, one was already there before eDNA; garter snake, RADRs (adult + meta), PSRE (adult + meta)",NA,"SY, CM, LV, IR, EN",5,"2","13:00","13:30",30,60,NA,"170","SLY","644.09","0","1",NA,"1","95",NA,1,34.2,18,33.2,31.1,8.16,"395 uS","281 ppm","0.20 ppt","2023-08-06",0
"GRAMPS_20230806","GRAMPS","Blue Oak Ranch Reserve",2023-08-06,0,0,0,0,0,0,0,0,88,0,"0","Day: turtle x2, only few PSRE
Night: deer walking through x3, turtle; WATER QUAL NOTES: we also took one accidentally during the day (8/4/23) temp: 31.9, pH: 7.74, cond: 206 uS, tds: 144 ppm, sal: 0.10 ppt",NA,"SY, CM, LV, IR, EN",5,"3","20:40","21:10",30,90,0.25,"81","SLY","246.57","0","0",NA,"1","35",NA,0,57.5,42.5,61,26.2,7.8,"188 uS","134 ppm","0.10 ppt","2023-08-06",0
"BARN_20230806","BARN","Blue Oak Ranch Reserve",2023-08-06,0,0,0,0,0,0,0,0,7,0,"0","Day: disgusting, orange gray water, ~1 cm deep; no passive eDNA filters, eDNA water bottles not rinsed 7 times due to low water, no secchi;
Night: meta PSRE, one tiger salamander w/ spots!; WATER QUAL NOTES: we also took one accidentally during the day (8/4/23) temp: 35.2, pH: 6.77, cond: 492 uS, tds: 351 ppm, sal: 0.25 ppt",NA,"SY, CM, LV, IR, EN",5,"3","21:42","22:12",30,90,1.25,"14","SLY","7.324","0","0",NA,"2","0",NA,0,NA,NA,NA,20.7,6.91,"451 uS","322 ppm","0.22 ppt","2023-08-06",0
"NORTH_20230804","NORTH","Blue Oak Ranch Reserve",2023-08-04,0,0,0,0,0,0,0,0,101,0,"0","Night: puddle; adult tiger salamander x2; skipped passive eDNA due to pond size, too shallow for secchi",NA,"SY, LV, IR, CB, CM, MM, EAN",7,"3","1:00","1:30",30,90,1.5,"11","SLY","1.8461","0","0",NA,"1","0",NA,0,NA,NA,NA,12.1,7.64,"241 uS","175 ppm","0.12 ppt","2023-08-04",0
"GDPND004_20230806","GDPND004","Garin/Dry Creek Regional Park",2023-08-06,0,0,0,0,0,0,0,0,12,0,"0","very low water, almost completely green; small separated pools of varying depths, 3-4 inches deep on the higher spring, 0.5 inches deep on the main part of pond; tiny TASPs (too small and weak to swab), PSRE metas; eDNA was rinsed in deep puddles and fulled from various puddles, no passive eDNA filters, no secchi, no invert community (COLE, MOSQ, GERR, BELO, PHSP seen); perimeter was taken of the ""main pond"" on the bottom spring, area was a gross overestimate of wet areas, no percent cover taken; WATER QUAL NOTES: the inputted data was for the upper spring, but we also took water quality for the main body of the pond (lower spring) temp: 32.9, pH: 7.35, cond: 479 uS, tds: 340 ppm, sal: 0.24 ppt",NA,"SY, CM, LV, IR, EN",5,"2","15:00","15:30",30,60,0.13,"32","SLY","206.11","0",NA,NA,"2","0",NA,0,NA,NA,NA,33,7.47,"677 uS","483 ppm","0.33 ppt","2023-08-06",0
"PRPND002_20230805","PRPND002","Pleasanton Ridge Regional Park",2023-08-05,0,0,0,0,0,2,5,1,0,0,"0","completely dry, dry cow patties everywhere; BUBO meta/adults, PSRE adult",NA,"SY, LV, IR",3,"3","12:50","13:10",30,90,NA,NA,NA,NA,NA,NA,NA,NA,NA,NA,0,NA,NA,NA,NA,NA,NA,NA,NA,NA,1
